Index,Country,City,State,Organization,Projector_Brand,Projector_Supplier,Fmt,2D_3D,Flat_Dome,Seats,Screen_Size,Opened,Type
,ANGOLA,Luanda,,ZAP Cinemas & IMAX,IMAX,IMAX,D,3D,Flat,,39.2 x 70.7 ft./ 12.0 x 21.6 m.,2016/01/25,CM
,ARGENTINA,Buenos Aires,,IMAX Theatre Showcase,IMAX,IMAX,D,3D,Flat,383.0,65.6 x 85.6 ft./ 20.0 x 26.1 m.,2006/05/12,CM
,ARGENTINA,Posadas,,Parque del Conocimiento,IMAX,IMAX,D,3D,Flat,,39.4 x 69.4 ft./ 12.0 x 21.2 m.,2016/09/14,C
,AUSTRALIA,Melbourne,Victoria,IMAX Theatre Melbourne,IMAX,IMAX,1570+DL2,3D,Flat,484.0,76.1 x 102.0 ft./ 23.2 x 31.1 m.,1998/05/23,N
,AUSTRIA,Graz,,CineplexX Graz & IMAX,IMAX,IMAX,DL,3D,Flat,340.0,30.2 x 57.1 ft./ 9.2 x 17.4 m.,2009/06/24,CM
,AUSTRIA,Hartberg,,Oekopark Hartberg,BALL,BALL,870,2D,Flat,256.0,53.5 x 74.1 ft./ 16.3 x 22.6 m.,2003/06,C
,AUSTRIA,Hohenems,,Cineplexx Hohenems IMAX,IMAX,IMAX,D,3D,Flat,364.0,30.0 x 55.8 ft./ 9.1 x 17.0 m.,2011/05/19,CM
,AUSTRIA,Innsbruck,,CineplexX Innsbruck & IMAX,IMAX,IMAX,D,3D,Flat,,,2017/12/13,CM
,AUSTRIA,Pasching,,Hollywood Megaplex Plus City & IMAX,IMAX,IMAX,D,3D,Flat,,45.1 x 79.3 ft./ 13.8 x 24.2 m.,2016/07,CM
,AUSTRIA,Salzburg,,CineplexX Salzburg City & IMAX,IMAX,IMAX,D,3D,Flat,,28.9 x 54.6 ft./ 8.8 x 16.6 m.,2013/12/11,CM
,AUSTRIA,St. Polten,,Hollywood Megaplex St. Pölten,IMAX,IMAX,D,3D,Flat,,31.8 x 56.6 ft./ 9.7 x 17.3 m.,2015/06/12,CM
,AUSTRIA,Vienna,,CineplexX Apollo Vienna & IMAX,IMAX,IMAX,DL,3D,Flat,380.0,31.2 x 57.8 ft./ 9.5 x 17.6 m.,2009/06/24,CM
,AUSTRIA,Vienna,,CineplexX Donau Plex IMAX Vienna,IMAX,IMAX,DL,3D,Flat,478.0,36.1 x 67.3 ft./ 11.0 x 20.5 m.,2012/10/31,CM
,AZERBAIJAN,Astrakhan,,Kinomax IMAX,IMAX,IMAX,D,3D,Flat,298.0,31.2 x 56.2 ft./ 9.5 x 17.1 m.,2012/03/06,CM
,AZERBAIJAN,Baku,,Azercell & IMAX,IMAX,IMAX,D,3D,Flat,,39.3 x 69.3 ft./ 12.0 x 21.1 m.,2014/12/13,CM
,BAHAMAS,Nassau,,Fusion Superplex & IMAX,IMAX,IMAX,DL2,3D,Flat,,,2018,CM
,BAHRAIN,Manama,,VOX Cineco & IMAX,IMAX,IMAX,D,3D,Flat,,38.8 x 70.0 ft./ 11.8 x 21.3 m.,2017/11,CM
,BAHRAIN,Muharraq,,Novo Cinemas & IMAX,IMAX,IMAX,D,3D,Flat,,31.5 x 58.8 ft./ 9.6 x 17.9 m.,2015/07/30,CM
,BANGLADESH,Dhaka,,Bhasani Novo Theatre,GOTO,GOTO,1070+D,2D,Dome,275.0,76.0 ft./ 23.2 m.,2004/09/25,N
,BELGIUM,Antwerp,,Kinepolis Mega NV Antwerpen & IMAX,IMAX,IMAX,DL,3D,Flat,,36.1 x 65.6 ft./ 11.0 x 20.0 m.,2020/06,CM
,BELGIUM,Brussels,,Kinepolis IMAX Theatre,IMAX,IMAX,DL2,3D,Flat,400.0,63.3 x 90.5 ft./ 19.3 x 27.6 m.,1988/03/28,CM
,BELGIUM,Charleroi,,Pathe Charleroi & IMAX,IMAX,IMAX,DL2,3D,Flat,,52.5 x 72.2 ft./ 16.0 x 22.0 m.,2018/02/06,CM
,BRAZIL,Belo Horizonte,,Cineart Boulevard & IMAX,IMAX,IMAX,D,3D,Flat,,34.3 x 60.8 ft./ 10.5 x 18.5 m.,2015/12/17,CM
,BRAZIL,Campinas,,Kinoplex D. Pedro & IMAX,IMAX,IMAX,D,3D,Flat,,31.6 x 57.4 ft./ 9.6 x 17.5 m.,2015/02/12,CM
,BRAZIL,Curitiba,,IMAX Palladium,IMAX,IMAX,D,3D,Flat,340.0,40.0 x 69.9 ft./ 12.2 x 21.3 m.,2009/07/24,CM
,BRAZIL,Fortaleza,,UCI Ribeiro Shopping Iguatemi Fortaleza,IMAX,IMAX,D,3D,Flat,,36.3 x 66.4 ft./ 11.1 x 20.2 m.,2014/01/23,CM
,BRAZIL,Porto Alegre,,Bourbon Shopping Wallig IMAX,IMAX,IMAX,D,3D,Flat,,39.0 x 68.7 ft./ 11.9 x 20.9 m.,2013/05/24,CM
,BRAZIL,Recife,,UCI Kinoplex De Lux Shopping Recife & IMAX,IMAX,IMAX,D,3D,Flat,,35.1 x 63.2 ft./ 10.7 x 19.3 m.,2014/04/03,CM
,BRAZIL,Ribeirao Preto,,UCI Ribeirao Shopping & IMAX,IMAX,IMAX,D,3D,Flat,,26.0 x 48.4 ft./ 7.9 x 14.8 m.,2014/06/12,CM
,BRAZIL,Rio de Janeiro,,UCI 18 Cinemas New York City Center IMAX,IMAX,IMAX,D,3D,Flat,350.0,33.8 x 61.3 ft./ 10.3 x 18.7 m.,2011/07/22,CM
,BRAZIL,Sao Paulo,,Cinepolis IMAX Theatre,IMAX,IMAX,D,3D,Flat,370.0,34.8 x 62.5 ft./ 10.6 x 19.1 m.,2012/06/22,CM
,BRAZIL,Sao Paulo,,"Espaço Itau de Cinema IMAX, Bourbon Shopping Centre",IMAX,IMAX,D,3D,Flat,326.0,39.7 x 68.2 ft./ 12.1 x 20.8 m.,2009/01/14,CM
,BRAZIL,Sao Paulo,Sao Paulo,Cineflix The Square Open Mall & IMAX,IMAX,IMAX,D,3D,Flat,374.0,39.7 x 69.6 ft./ 12.1 x 21.2 m.,2012/04/20,CM
,BRAZIL,Sao Paulo,SP,UCI Analia Franco IMAX,IMAX,IMAX,D,3D,Flat,323.0,30.3 x 58.3 ft./ 9.2 x 17.8 m.,2012/03/30,CM
,BULGARIA,Plovdiv,,Kino Arena IMAX Plovdiv,IMAX,IMAX,D,3D,Flat,,36.2 x 64.3 ft./ 11.0 x 19.6 m.,2016/10/28,CM
,BULGARIA,Sofia,,"Cinema City IMAX, Mall of Sofia",IMAX,IMAX,D,3D,Flat,397.0,60.3 x 78.6 ft./ 18.4 x 24.0 m.,2006/07/13,CM
,BULGARIA,Sofia,,Kino Arena Mladost Sofia & IMAX,IMAX,IMAX,D,3D,Flat,,39.0 x 72.1 ft./ 11.9 x 22.0 m.,2014/05/16,CM
,BULGARIA,Varna,,Kino Arena Grand Mall Varna & IMAX,IMAX,IMAX,D,3D,Flat,,45.8 x 80.0 ft./ 14.0 x 24.4 m.,2015/12/18,CM
,CAMBODIA,Phnom Penh,,Major Cineplex by Smart & IMAX,IMAX,IMAX,D,3D,Flat,,44.9 x 79.3 ft./ 13.7 x 24.2 m.,2018/05/30,CM
,CANADA,Calgary,AB,Landmark Cinemas 16 Country Hills & IMAX,IMAX,IMAX,D,3D,Flat,342.0,35.1 x 65.6 ft./ 10.7 x 20.0 m.,2011/07/15,CM
,CANADA,Calgary,AB,Scotiabank Chinook & IMAX,IMAX,IMAX,1570+D,3D,Flat,260.0,53.1 x 70.0 ft./ 16.2 x 21.3 m.,2001/03/23,CM
,CANADA,Calgary,AB,Telus Spark,ES,ES,D,3D,Dome,245.0,76.0 ft./ 23.0 m.,2012/03/31,N
,CANADA,Edmonton,AB,Scotiabank Edmonton & IMAX,IMAX,IMAX,1570+D,3D,Flat,256.0,52.5 x 69.9 ft./ 16.0 x 21.3 m.,1999/05/14,CM
,CANADA,Edmonton,AB,Telus World of Science Edmonton,IMAX,IMAX,DL2,3D,Flat,274.0,42.8 x 62.5 ft./ 13.0 x 19.1 m.,1984/07,N
,CANADA,Langley,BC,Cineplex Cinemas Langley & IMAX,IMAX,IMAX,1570+D,3D,Flat,254.0,52.5 x 69.9 ft./ 16.0 x 21.3 m.,1999/05/12,CM
,CANADA,Richmond,BC,SilverCity Riverport & IMAX,IMAX,IMAX,D,3D,Flat,259.0,52.8 x 69.9 ft./ 16.1 x 21.3 m.,1998/12/18,CM
,CANADA,Vancouver,BC,Science World at Telus World of Science,IMAX,IMAX,1570,2D,Dome,401.0,88.6 ft./ 27.0 m.,1989/05/06,N
,CANADA,Victoria,BC,Royal British Columbia Museum,IMAX,IMAX,DL2,3D,Flat,369.0,61.3 x 84.1 ft./ 18.7 x 25.6 m.,1998/06/26,C
,CANADA,Victoria,BC,SilverCity Victoria Cinemas & IMAX,IMAX,IMAX,D,3D,Flat,426.0,37.5 x 64.7 ft./ 11.4 x 19.7 m.,2011/12/15,CM
,CANADA,Winnipeg,MB,Scotiabank Theatre Winnipeg,IMAX,IMAX,D,3D,Flat,408.0,35.4 x 65.0 ft./ 10.8 x 19.8 m.,2011/06/28,CM
,CANADA,St. John's,NL,Scotiabank St. John's & IMAX,IMAX,IMAX,D,3D,Flat,280.0,30.0 x 56.8 ft./ 9.2 x 17.3 m.,2011/10/21,CM
,CANADA,Halifax,NS,Scotiabank Halifax & IMAX,IMAX,IMAX,1570+D,3D,Flat,271.0,52.8 x 71.5 ft./ 16.1 x 21.8 m.,1998/01/23,CM
,CANADA,Ancaster,ON,SilverCity Ancaster Cinemas & IMAX,IMAX,IMAX,D,3D,Flat,421.0,35.5 x 64.2 ft./ 10.8 x 19.6 m.,2011/10/07,CM
,CANADA,Gloucester,ON,Scotiabank Ottawa & IMAX,IMAX,IMAX,1570+D,3D,Flat,439.0,36.3 x 68.2 ft./ 11.1 x 20.8 m.,2006/12/13,CM
,CANADA,Kanata,ON,Landmark Cinemas 24 Kanata & IMAX,IMAX,IMAX,D,3D,Flat,430.0,31.5 x 56.8 ft./ 9.6 x 17.3 m.,2010/10/15,CM
,CANADA,Kingston,ON,Landmark Cinemas 10 Kingston & IMAX,IMAX,IMAX,D,3D,Flat,241.0,29.5 x 52.8 ft./ 9.0 x 16.1 m.,2012/12/18,CM
,CANADA,Kitchener,ON,Landmark Cinemas 12 Kitchener & IMAX,IMAX,IMAX,D,3D,Flat,278.0,30.2 x 53.6 ft./ 9.2 x 16.3 m.,2011/07/15,CM
,CANADA,London,ON,SilverCity London Cinemas & IMAX,IMAX,IMAX,D,3D,Flat,309.0,30.9 x 56.4 ft./ 9.4 x 17.2 m.,2011/12/15,CM
,CANADA,Markham,ON,Cineplex Cinemas Markham VIP & IMAX,IMAX,IMAX,D,3D,Flat,,33.8 x 61.2 ft./ 10.3 x 18.7 m.,2015/04,CM
,CANADA,Mississauga,ON,Cineplex Cinemas Courtney Park & IMAX,IMAX,IMAX,D,3D,Flat,,29.9 x 53.7 ft./ 9.1 x 16.4 m.,2010/10/16,CM
,CANADA,Mississauga,ON,Cineplex Cinemas Mississauga & IMAX,IMAX,IMAX,1570+D,3D,Flat,262.0,52.8 x 70.5 ft./ 16.1 x 21.5 m.,1999/07,CM
,CANADA,Niagara Falls,ON,Niagara Falls IMAX,IMAX,IMAX,1570,2D,Flat,620.0,61.0 x 82.0 ft./ 18.6 x 25.0 m.,1979/05/19,C
,CANADA,North York,ON,Cineplex Cinemas Empress Walk & IMAX,IMAX,IMAX,D,3D,Flat,353.0,36.3 x 65.5 ft./ 11.1 x 20.0 m.,2012/05/04,CM
,CANADA,Oakville,ON,Cineplex Cinemas Winston Churc,IMAX,IMAX,D,3D,Flat,,34.3 x 61.7 ft./ 10.5 x 18.8 m.,2015/07,CM
,CANADA,Sudbury,ON,Science North,IMAX,IMAX,DL2,3D,Flat,200.0,53.6 x 72.5 ft./ 16.3 x 22.1 m.,1994/06/18,N
,CANADA,Toronto,ON,Cineplex Cinemas Yonge Dundas & IMAX,IMAX,IMAX,D,3D,Flat,349.0,29.5 x 55.4 ft./ 9.0 x 16.9 m.,2010/10/15,CM
,CANADA,Toronto,ON,Cineplex Odeon Eglinton Town Centre,IMAX,IMAX,D,3D,Flat,,,2017/11/03,CM
,CANADA,Toronto,ON,Ontario Place Corporation,IMAX,IMAX,1570+DL2,3D,Flat,723.0,60.0 x 80.0 ft./ 18.3 x 24.4 m.,1971/05/22,C
,CANADA,Toronto,ON,Ontario Science Centre,IMAX,IMAX,1570,2D,Dome,320.0,78.7 ft./ 24.0 m.,1996/12/07,N
,CANADA,Toronto,ON,Scotiabank Toronto & IMAX,IMAX,IMAX,DL2,3D,Flat,408.0,60.0 x 78.0 ft./ 18.3 x 23.8 m.,1999/05/19,CM
,CANADA,Vaughan,ON,Cineplex Cinemas Vaughan & IMAX,IMAX,IMAX,1570+D,3D,Flat,260.0,52.9 x 71.5 ft./ 16.1 x 21.8 m.,1999/02/12,CM
,CANADA,Whitby,ON,Landmark Cinemas 24 Whitby & IMAX,IMAX,IMAX,D,3D,Flat,449.0,31.4 x 57.4 ft./ 9.6 x 17.5 m.,2010/10/16,CM
,CANADA,Windsor,ON,SilverCity Windsor Cinemas & IMAX,IMAX,IMAX,D,3D,Flat,395.0,35.0 x 64.0 ft./ 10.7 x 19.5 m.,2011/07/15,CM
,CANADA,Deux Montagnes,QC,Mega-Plex Deux-Montagnes 14 & IMAX,IMAX,IMAX,D,3D,Flat,,29.9 x 52.8 ft./ 9.1 x 16.1 m.,2013/11,CM
,CANADA,Dollard-Des-Ormeaux,QC,Cinemas Des Sources 10 & IMAX,IMAX,IMAX,D,3D,Flat,,42.2 x 72.2 ft./ 12.9 x 22.0 m.,2014/03/20,CM
,CANADA,Gatineau,QC,Canadian Museum of History,BARCO,BARCO,1570+DL2,3D,Both,300.0,62.0 x 88.6 ft./ 18.9 x 27.0 m.,1989,N
,CANADA,Greenfield Park,QC,Mega-Plex Taschereau 18 & IMAX,IMAX,IMAX,D,3D,Flat,239.0,28.2 x 52.4 ft./ 8.6 x 16.0 m.,2012/11/08,CM
,CANADA,Greenfield Park,QC,Mega-Plex Taschereau 18 & IMAX 2,IMAX,IMAX,D,3D,Flat,239.0,28.2 x 52.0 ft./ 8.6 x 15.9 m.,2012/03/30,CM
,CANADA,Laval,QC,Mega-Plex Pont-Viau 16 & IMAX,IMAX,IMAX,D,3D,Flat,293.0,25.7 x 48.0 ft./ 7.8 x 14.6 m.,2012/07/02,CM
,CANADA,Montreal,QC,Cinema Banque Scotia Montreal & IMAX,IMAX,IMAX,1570+D,3D,Flat,340.0,61.4 x 81.7 ft./ 18.7 x 24.9 m.,1999/06/18,CM
,CANADA,Montreal,QC,Cinema Cineplex Forum & IMAX,IMAX,IMAX,D,3D,Flat,,28.1 x 55.1 ft./ 8.6 x 16.8 m.,2011/10/06,CM
,CANADA,Montreal,QC,Mega-Plex Marche Central 18 & IMAX,IMAX,IMAX,D,3D,Flat,285.0,25.4 x 50.0 ft./ 7.8 x 15.2 m.,2012/07/02,CM
,CANADA,Montreal,QC,Mega-Plex Marche Central 18 & IMAX 2,IMAX,IMAX,D,3D,Flat,285.0,25.4 x 50.0 ft./ 7.8 x 15.2 m.,2012/05/25,CM
,CANADA,Montreal,QC,Montreal Science Centre,IMAX,IMAX,DL2,3D,Flat,380.0,70.0 x 91.0 ft./ 21.3 x 27.7 m.,1988/06/15,N
,CANADA,Quebec,QC,Cinema Cineplex IMAX aux Galeries de la Capitale,IMAX,IMAX,1570+D,3D,Flat,344.0,75.0 x 92.5 ft./ 22.9 x 28.2 m.,1995/06/18,CM
,CANADA,Saint Félicien,QC,Zoo Sauvage de St-Félicien,CHRIS,CHRIS,D,3D,Flat,,,2003/07,N
,CANADA,Terrebonne,QC,Mega-Plex Terrebonne 14 & IMAX 1,IMAX,IMAX,D,3D,Flat,285.0,27.9 x 50.7 ft./ 8.5 x 15.5 m.,2012/05/04,CM
,CANADA,Terrebonne,QC,Mega-Plex Terrebonne 14 & IMAX 2,IMAX,IMAX,D,3D,Flat,,27.9 x 50.7 ft./ 8.5 x 15.5 m.,2013/11/22,CM
,CANADA,Regina,SK,Saskatchewan Science Centre,IMAX,IMAX,1570,3D,Flat,159.0,52.0 x 72.0 ft./ 15.9 x 22.0 m.,1991/04/25,N
,CANADA,Saskatoon,SK,Scotiabank Saskatoon & VIP - IMAX,IMAX,IMAX,D,3D,Flat,,31.4 x 56.8 ft./ 9.6 x 17.3 m.,2018/04/26,CM
,CHILE,Santiago,,Cine Hoyts & IMAX,IMAX,IMAX,D,3D,Flat,,38.5 x 69.4 ft./ 11.7 x 21.2 m.,2015/05/02,CM
,CHINA,Anqing,,Anqing SFC Bailian & IMAX,IMAX,IMAX,D,3D,Flat,,45.2 x 78.2 ft./ 13.8 x 23.8 m.,2017/11/10,CM
,CHINA,Anyang,,Anyang Wanda & IMAX,IMAX,IMAX,D,3D,Flat,,36.9 x 66.1 ft./ 11.3 x 20.2 m.,2015/07/25,CM
,CHINA,Baotou,,Baotou Jiuyuan Wanda 239,IMAX,IMAX,D,3D,Flat,,35.8 x 64.5 ft./ 10.9 x 19.7 m.,2018/08/17,CM
,CHINA,Baotou,,Baotou Qingshan Wanda & IMAX,IMAX,IMAX,D,3D,Flat,310.0,37.4 x 68.9 ft./ 11.4 x 21.0 m.,2011/11/08,CM
,CHINA,Beihai,,Beihai Dadi,IMAX,IMAX,D,3D,Flat,,33.3 x 59.7 ft./ 10.2 x 18.2 m.,2017/10/28,CM
,CHINA,Beijing,,Beijing CBD Wanda & IMAX,IMAX,IMAX,D,3D,Flat,357.0,28.1 x 54.1 ft./ 8.6 x 16.5 m.,2011/01/10,CM
,CHINA,Beijing,,Beijing Civil Aviation,IMAX,IMAX,1570,3D,Flat,,52.7 x 70.0 ft./ 16.1 x 21.3 m.,2010,N
,CHINA,Beijing,,Beijing Emperor Centre & IMAX,IMAX,IMAX,D,3D,Flat,,38.6 x 68.1 ft./ 11.8 x 20.8 m.,2018/04/29,CM
,CHINA,Beijing,,Beijing Hexie Hengye & IMAX,IMAX,IMAX,D,3D,Flat,,28.2 x 50.8 ft./ 8.6 x 15.5 m.,2016/12/16,CM
,CHINA,Beijing,,Beijing Huaifang Wanda & IMAX,IMAX,IMAX,D,3D,Flat,,35.5 x 63.8 ft./ 10.8 x 19.5 m.,2016/12/22,CM
,CHINA,Beijing,,Beijing Huairou Wanda,IMAX,IMAX,D,3D,Flat,,36.6 x 65.6 ft./ 11.2 x 20.0 m.,2017,CM
,CHINA,Beijing,,Beijing Huiju Jinyi & IMAX,IMAX,IMAX,D,3D,Flat,,40.1 x 72.2 ft./ 12.2 x 22.0 m.,2014/12/19,CM
,CHINA,Beijing,,Beijing Jinyi Cinema & IMAX,IMAX,IMAX,D,3D,Flat,298.0,29.9 x 53.5 ft./ 9.1 x 16.3 m.,2012/12/20,CM
,CHINA,Beijing,,Beijing Jinyuan Stellar IMAX,IMAX,IMAX,D,3D,Flat,,32.9 x 61.8 ft./ 10.0 x 18.8 m.,2013/07/04,CM
,CHINA,Beijing,,Beijing Miyun Bona & IMAX,IMAX,IMAX,D,3D,Flat,,35.7 x 64.1 ft./ 10.9 x 19.5 m.,2017/11/26,CM
,CHINA,Beijing,,Beijing RIJDOJ & IMAX,IMAX,IMAX,D,3D,Flat,,40.0 x 71.9 ft./ 12.2 x 21.9 m.,2017/07,CM
,CHINA,Beijing,,Beijing Shijingshan Wanda & IMAX,IMAX,IMAX,D,3D,Flat,417.0,41.7 x 69.9 ft./ 12.7 x 21.3 m.,2008,CM
,CHINA,Beijing,,Beijing Tiantongyuan Wanda & IMAX,IMAX,IMAX,D,3D,Flat,268.0,27.7 x 53.4 ft./ 8.5 x 16.3 m.,2012/07/27,CM
,CHINA,Beijing,,Beijing Times Paradise Walk Lumiere & IMAX,IMAX,IMAX,D,3D,Flat,,44.8 x 78.4 ft./ 13.7 x 23.9 m.,2015/10/12,CM
,CHINA,Beijing,,Beijing Tongzhou Wanda & IMAX,IMAX,IMAX,D,3D,Flat,,38.4 x 68.6 ft./ 11.7 x 20.9 m.,2014/11/29,CM
,CHINA,Beijing,,Beijing UME & IMAX,IMAX,IMAX,D,3D,Flat,390.0,45.5 x 74.1 ft./ 13.9 x 22.6 m.,2006/03,CM
,CHINA,Beijing,,Beijing U-Town Bona & IMAX,IMAX,IMAX,D,3D,Flat,,27.0 x 49.2 ft./ 8.2 x 15.0 m.,2014/12/18,CM
,CHINA,Beijing,,Beijing Xitieying Wanda & IMAX,IMAX,IMAX,D,3D,Flat,,36.9 x 65.6 ft./ 11.3 x 20.0 m.,2017,CM
,CHINA,Beijing,,Beijing Yangqiao Huayi Brothers & IMAX,IMAX,IMAX,D,3D,Flat,,35.0 x 62.0 ft./ 10.7 x 18.9 m.,2015/08/15,CM
,CHINA,Beijing,,China National Film Museum,IMAX,IMAX,DL2,3D,Flat,402.0,68.1 x 88.6 ft./ 20.5 x 27.2 m.,2006/08/25,N
,CHINA,Beijing,,"IMAX 3D Theater, China Science and Technology Museum",IMAX,IMAX,1570,3D,Flat,632.0,72.2 x 98.4 ft./ 22.0 x 30.0 m.,2009/10,N
,CHINA,Beijing,,"IMAX Dome, China Science and Technology Museum",IMAX,IMAX,1570,2D,Dome,632.0,89.0 ft./ 27.1 m.,1995,N
,CHINA,Bejing,,Beijing Daxing Longfor SFC & IMAX,IMAX,IMAX,D,3D,Flat,,40.5 x 73.6 ft./ 12.3 x 22.4 m.,2016/07,CM
,CHINA,Bengbu,,Bengbu Wanda & IMAX,IMAX,IMAX,D,3D,Flat,,38.1 x 68.2 ft./ 11.6 x 20.8 m.,2013/11/29,CM
,CHINA,Benxi,,Benxi Wanda & IMAX,IMAX,IMAX,D,3D,Flat,,37.8 x 67.6 ft./ 11.5 x 20.6 m.,2018,CM
,CHINA,Binzhou,,Binzhou Wanda & IMAX,IMAX,IMAX,D,3D,Flat,,34.4 x 62.0 ft./ 10.5 x 18.9 m.,2016/12/30,CM
,CHINA,Bozhou,,Bozhou Wanda & IMAX,IMAX,IMAX,D,3D,Flat,,44.2 x 76.8 ft./ 13.5 x 23.4 m.,2016/08/12,CM
,CHINA,Changchun,,Changchun Checheng Wanda,IMAX,IMAX,D,3D,Flat,,37.1 x 66.5 ft./ 11.3 x 20.3 m.,2017/09/08,CM
,CHINA,Changchun,,Changchun Chongqing Road Wanda & IMAX,IMAX,IMAX,D,3D,Flat,372.0,39.8 x 70.9 ft./ 12.1 x 21.6 m.,2011/12/15,CM
,CHINA,Changchun,,Changchun Kuancheng Wanda & IMAX,IMAX,IMAX,D,3D,Flat,,37.7 x 68.9 ft./ 11.5 x 21.0 m.,2013/08/16,CM
,CHINA,Changchun,,Changchun Ouya Wanda & IMAX,IMAX,IMAX,D,3D,Flat,553.0,39.7 x 69.9 ft./ 12.1 x 21.3 m.,2008/07/10,CM
,CHINA,Changchun,,Changchun Qianjin Street Liwang Wanda & IMAX,IMAX,IMAX,D,3D,Flat,,40.7 x 71.9 ft./ 12.4 x 21.9 m.,2016/06/08,CM
,CHINA,Changchun,,Changchun Red Flag Street Wanda & IMAX,IMAX,IMAX,D,3D,Flat,380.0,39.7 x 72.1 ft./ 12.1 x 22.0 m.,2011/11/08,CM
,CHINA,Changchun,,Changchun Wanda,IMAX,IMAX,D,3D,Flat,,40.7 x 72.5 ft./ 12.4 x 22.1 m.,2017/09/02,CM
,CHINA,Changchun,,Changchun Wanda 303,IMAX,IMAX,D,3D,Flat,,38.5 x 69.7 ft./ 11.7 x 21.3 m.,2018/12/13,CM
,CHINA,Changde,,Changde Wanda & IMAX,IMAX,IMAX,D,3D,Flat,,37.1 x 66.4 ft./ 11.3 x 20.2 m.,2016/09/16,CM
,CHINA,Changsha,,CGV Changsha & IMAX,IMAX,IMAX,D,3D,Flat,,38.3 x 68.9 ft./ 11.7 x 21.0 m.,2013/08/08,CM
,CHINA,Changsha,,CGV Changsha Desiqing & IMAX,IMAX,IMAX,D,3D,Flat,,36.4 x 64.8 ft./ 11.1 x 19.8 m.,2015/08/06,CM
,CHINA,Changsha,,Changsha CGV Xingsha & IMAX,IMAX,IMAX,D,3D,Flat,,38.2 x 67.7 ft./ 11.6 x 20.6 m.,2015/11/13,CM
,CHINA,Changsha,,Changsha Kaifu Wanda & IMAX,IMAX,IMAX,D,3D,Flat,,38.4 x 67.3 ft./ 11.7 x 20.5 m.,2013/09/27,CM
,CHINA,Changsha,,Changsha Meixi Lake BBG Wanda & IMAX,IMAX,IMAX,D,3D,Flat,,39.6 x 71.2 ft./ 12.1 x 21.7 m.,2016/07/08,CM
,CHINA,Changsha,,Changsha Meixi Lake CGV & IMAX,IMAX,IMAX,D,3D,Flat,,40.9 x 71.9 ft./ 12.5 x 21.9 m.,2016/11/25,CM
,CHINA,Changsha,,Changsha U.you Town Hengdian & IMAX,IMAX,IMAX,D,3D,Flat,,34.5 x 61.4 ft./ 10.5 x 18.7 m.,2018/08/18,CM
,CHINA,Changsha,,Changsha Wanda & IMAX,IMAX,IMAX,D,3D,Flat,454.0,40.4 x 69.9 ft./ 12.3 x 21.3 m.,2009/03/31,CM
,CHINA,Changshu,,Changshu Wanda & IMAX,IMAX,IMAX,D,3D,Flat,,37.2 x 66.6 ft./ 11.3 x 20.3 m.,2017/07/20,CM
,CHINA,Changzhi,,Changzhi Wanda & IMAX,IMAX,IMAX,D,3D,Flat,,34.8 x 62.5 ft./ 10.6 x 19.1 m.,2018/09/22,CM
,CHINA,Changzhou,,Changzhou Global Harbor SFC & IMAX,IMAX,IMAX,D,3D,Flat,,44.8 x 79.9 ft./ 13.7 x 24.4 m.,2016/01/09,CM
,CHINA,Changzhou,,Changzhou Jintan InJoy Bestar & IMAX,IMAX,IMAX,D,3D,Flat,,44.1 x 77.1 ft./ 13.4 x 23.5 m.,2016/12/08,CM
,CHINA,Changzhou,,Changzhou Omnijoi & IMAX,IMAX,IMAX,D,3D,Flat,,36.8 x 65.9 ft./ 11.2 x 20.1 m.,2015/09/26,CM
,CHINA,Changzhou,,Changzhou OSGH Cinema & IMAX,IMAX,IMAX,D,3D,Flat,552.0,44.6 x 78.7 ft./ 13.6 x 24.0 m.,2012/12/25,CM
,CHINA,Changzhou,,Changzhou Wujin Wanda & IMAX,IMAX,IMAX,D,3D,Flat,,37.9 x 67.7 ft./ 11.6 x 20.6 m.,2014/08/14,CM
,CHINA,Changzhou,,Changzhou Xinbei Wanda & IMAX,IMAX,IMAX,D,3D,Flat,335.0,36.1 x 65.0 ft./ 11.0 x 19.8 m.,2011/12/15,CM
,CHINA,Chaoyang,,Chaoyang Wanda & IMAX,IMAX,IMAX,D,3D,Flat,,35.0 x 63.0 ft./ 10.7 x 19.2 m.,2016/11/26,CM
,CHINA,Chengdu,,CGV Chengdu Shihao & IMAX,IMAX,IMAX,D,3D,Flat,,42.6 x 74.6 ft./ 13.0 x 22.7 m.,2014/08/26,CM
,CHINA,Chengdu,,Chengdu Bravo Shuangliu & IMAX,IMAX,IMAX,D,3D,Flat,,42.9 x 75.3 ft./ 13.1 x 23.0 m.,2013/12/25,CM
,CHINA,Chengdu,,Chengdu CGV & IMAX,IMAX,IMAX,D,3D,Flat,,38.4 x 68.4 ft./ 11.7 x 20.9 m.,2013/12/30,CM
,CHINA,Chengdu,,Chengdu Chengzhongcheng Wanda,IMAX,IMAX,D,3D,Flat,,29.7 x 53.1 ft./ 9.1 x 16.2 m.,2018/01/06,CM
,CHINA,Chengdu,,Chengdu Chongzhou Wanda & IMAX,IMAX,IMAX,D,3D,Flat,,35.5 x 64.0 ft./ 10.8 x 19.5 m.,2017/09,CM
,CHINA,Chengdu,,Chengdu CRCC Zose & IMAX,IMAX,IMAX,D,3D,Flat,,36.3 x 65.3 ft./ 11.1 x 19.9 m.,2017/12/23,CM
,CHINA,Chengdu,,Chengdu Huanqiu Stellar & IMAX,IMAX,IMAX,D,3D,Flat,,41.2 x 74.1 ft./ 12.6 x 22.6 m.,2013/08/16,CM
,CHINA,Chengdu,,Chengdu Jinhua Wanda & IMAX,IMAX,IMAX,D,3D,Flat,277.0,27.6 x 51.5 ft./ 8.4 x 15.7 m.,2011/09/26,CM
,CHINA,Chengdu,,Chengdu Jinnan Longfor CGV & IMAX,IMAX,IMAX,D,3D,Flat,,36.9 x 65.6 ft./ 11.3 x 20.0 m.,2015/10/23,CM
,CHINA,Chengdu,,Chengdu Jinniu Wanda & IMAX,IMAX,IMAX,D,3D,Flat,426.0,37.4 x 68.6 ft./ 11.4 x 20.9 m.,2012/12/22,CM
,CHINA,Chengdu,,Chengdu Jinyi & IMAX,IMAX,IMAX,D,3D,Flat,,41.1 x 73.8 ft./ 12.5 x 22.5 m.,2014/10/28,CM
,CHINA,Chengdu,,Chengdu Joy City Stellar & IMAX,IMAX,IMAX,D,3D,Flat,,40.5 x 72.0 ft./ 12.3 x 22.0 m.,2016/01/09,CM
,CHINA,Chengdu,,Chengdu Kehua SFC & IMAX,IMAX,IMAX,D,3D,Flat,,42.9 x 74.8 ft./ 13.1 x 22.8 m.,2015/12/18,CM
,CHINA,Chengdu,,Chengdu Longfor SFC & IMAX,IMAX,IMAX,D,3D,Flat,,39.0 x 68.7 ft./ 11.9 x 20.9 m.,2014/09/30,CM
,CHINA,Chengdu,,Chengdu Longquan Yiduhui CGV & IMAX,IMAX,IMAX,D,3D,Flat,,35.0 x 62.5 ft./ 10.7 x 19.1 m.,2018/12/21,CM
,CHINA,Chengdu,,Chengdu Lumiere & IMAX,IMAX,IMAX,D,3D,Flat,,40.7 x 70.5 ft./ 12.4 x 21.5 m.,2014/01/10,CM
,CHINA,Chengdu,,Chengdu Shudu Wanda & IMAX,IMAX,IMAX,D,3D,Flat,,42.4 x 74.0 ft./ 12.9 x 22.6 m.,2016/04/29,CM
,CHINA,Chengdu,,Chengdu Wanda 205,IMAX,IMAX,D,3D,Flat,,29.9 x 53.0 ft./ 9.1 x 16.2 m.,2018/12/13,CM
,CHINA,Chengdu,,Chengdu Yinglifang 773 IMAX,IMAX,IMAX,D,3D,Flat,488.0,40.7 x 72.5 ft./ 12.4 x 22.1 m.,2012/11/29,CM
,CHINA,Chenzhou,,Chenzhou Wanda & IMAX,IMAX,IMAX,D,3D,Flat,,38.4 x 68.7 ft./ 11.7 x 20.9 m.,2014/01/16,CM
,CHINA,Chifeng,,Chifeng Wanda Plaza & IMAX,IMAX,IMAX,D,3D,Flat,,38.8 x 68.2 ft./ 11.8 x 20.8 m.,2014/06/20,CM
,CHINA,Chongqing,,Chongqing Baiyi Stellar & IMAX,IMAX,IMAX,D,3D,Flat,,41.5 x 72.8 ft./ 12.7 x 22.2 m.,2014/12/18,CM
,CHINA,Chongqing,,Chongqing Banan Wanda & IMAX,IMAX,IMAX,D,3D,Flat,,41.0 x 72.3 ft./ 12.5 x 22.0 m.,2015/10/30,CM
,CHINA,Chongqing,,Chongqing Beibei Wanda & IMAX,IMAX,IMAX,D,3D,Flat,,35.4 x 63.7 ft./ 10.8 x 19.4 m.,2017/08/25,CM
,CHINA,Chongqing,,Chongqing Broadway & IMAX,IMAX,IMAX,D,3D,Flat,,38.4 x 68.6 ft./ 11.7 x 20.9 m.,2014/12/02,CM
,CHINA,Chongqing,,Chongqing Children's Palace,IMAX,IMAX,1570,2D,Dome,175.0,59.0 ft./ 18.0 m.,2007/06,N
,CHINA,Chongqing,,Chongqing College Town Cross Cinema & IMAX,IMAX,IMAX,D,3D,Flat,,39.1 x 70.4 ft./ 11.9 x 21.5 m.,2015/01/18,CM
,CHINA,Chongqing,,Chongqing Cross Qibo & IMAX,IMAX,IMAX,D,3D,Flat,,37.6 x 68.0 ft./ 11.5 x 20.7 m.,2015/11/27,CM
,CHINA,Chongqing,,Chongqing Cross Shiqiaopu & IMAX,IMAX,IMAX,D,3D,Flat,,40.8 x 73.2 ft./ 12.4 x 22.3 m.,2015/11/13,CM
,CHINA,Chongqing,,Chongqing Dadukou Wanda & IMAX,IMAX,IMAX,D,3D,Flat,249.0,32.0 x 60.2 ft./ 9.8 x 18.4 m.,2012/12/24,CM
,CHINA,Chongqing,,Chongqing Daping Wanda & IMAX,IMAX,IMAX,D,3D,Flat,,33.1 x 59.1 ft./ 10.1 x 18.0 m.,2016/11/04,CM
,CHINA,Chongqing,,Chongqing IMIX Park Wanda & IMAX,IMAX,IMAX,D,3D,Flat,,24.6 x 48.0 ft./ 7.5 x 14.6 m.,2016/08/12,CM
,CHINA,Chongqing,,Chongqing Jiangbeizui Cross Cinema & IMAX,IMAX,IMAX,D,3D,Flat,,35.0 x 63.0 ft./ 10.7 x 19.2 m.,2016/01,CM
,CHINA,Chongqing,,ChongQing Millionstar era Jinyi Int'l IMAX Cinema,IMAX,IMAX,D,3D,Flat,248.0,39.7 x 70.2 ft./ 12.1 x 21.4 m.,2012/03/28,CM
,CHINA,Chongqing,,Chongqing Qijiang Wanda & IMAX,IMAX,IMAX,D,3D,Flat,,35.8 x 64.2 ft./ 10.9 x 19.6 m.,2017/10/27,CM
,CHINA,Chongqing,,Chongqing Science and Technology Museum,IMAX,IMAX,1570,3D,Flat,278.0,52.5 x 72.1 ft./ 16.0 x 22.0 m.,2009/09/10,N
,CHINA,Chongqing,,Chongqing Wanda 306,IMAX,IMAX,D,3D,Flat,,36.0 x 63.8 ft./ 11.0 x 19.5 m.,2018/12/13,CM
,CHINA,Chongqing,,Chongqing Wanda 308,IMAX,IMAX,D,3D,Flat,,38.8 x 68.6 ft./ 11.8 x 20.9 m.,2018/12/13,CM
,CHINA,Chongqing,,Chongqing Yongchuan Wanda & IMAX,IMAX,IMAX,D,3D,Flat,,36.9 x 66.2 ft./ 11.3 x 20.2 m.,2016/09/16,CM
,CHINA,Chongqing,,Chonqqing Stellar & IMAX,IMAX,IMAX,D,3D,Flat,,40.9 x 72.2 ft./ 12.5 x 22.0 m.,2015/02/07,CM
,CHINA,Chongqing,,Lumiere CQ Jinyuan Plaza IMAX,IMAX,IMAX,D,3D,Flat,423.0,,2010/12,CM
,CHINA,Cixi,,Cixi Poly China Film Stellar & IMAX,IMAX,IMAX,D,3D,Flat,,46.1 x 80.0 ft./ 14.1 x 24.4 m.,2016/12/24,CM
,CHINA,Dali,,Dali Bona & IMAX,IMAX,IMAX,D,3D,Flat,,34.3 x 61.7 ft./ 10.5 x 18.8 m.,2017/10,CM
,CHINA,Dalian,,CGV Chongqing Longfor U City,IMAX,IMAX,D,3D,Flat,,42.7 x 74.1 ft./ 13.0 x 22.6 m.,2017/09/15,CM
,CHINA,Dalian,,Dalian Central Avenue Bona & IMAX,IMAX,IMAX,D,3D,Flat,,44.6 x 77.8 ft./ 13.6 x 23.7 m.,2017/01/31,CM
,CHINA,Dalian,,Dalian Donggang CGV & IMAX,IMAX,IMAX,D,3D,Flat,,39.9 x 71.2 ft./ 12.2 x 21.7 m.,2015/03/13,CM
,CHINA,Dalian,,Dalian Ganjingzi Wanda & IMAX,IMAX,IMAX,D,3D,Flat,,36.1 x 64.9 ft./ 11.0 x 19.8 m.,2017/09/29,CM
,CHINA,Dalian,,Dalian Gaoxin Wanda & IMAX,IMAX,IMAX,D,3D,Flat,,39.2 x 71.9 ft./ 12.0 x 21.9 m.,2013/05/25,CM
,CHINA,Dalian,,Dalian Huafu Wanda & IMAX,IMAX,IMAX,D,3D,Flat,347.0,32.6 x 64.0 ft./ 9.9 x 19.5 m.,2011/12/15,CM
,CHINA,Dalian,,Dalian Jingkai Wanda & IMAX,IMAX,IMAX,D,3D,Flat,,37.8 x 67.5 ft./ 11.5 x 20.6 m.,2015/08/29,CM
,CHINA,Dalian,,Dalian Pulandian Wanda & IMAX,IMAX,IMAX,D,3D,Flat,,28.1 x 49.9 ft./ 8.6 x 15.2 m.,2017/07/29,CM
,CHINA,Dalian,,Dalian Zhuanghe Wanda & IMAX,IMAX,IMAX,D,3D,Flat,,28.3 x 50.9 ft./ 8.6 x 15.5 m.,2017/08/18,CM
,CHINA,Dalian,,Jinzhou Brilliant Plaza Wanda,IMAX,IMAX,D,3D,Flat,,35.4 x 63.6 ft./ 10.8 x 19.4 m.,2017,CM
,CHINA,Dalian,,SFG Dalian Harbour & IMAX,IMAX,IMAX,D,3D,Flat,,36.0 x 65.1 ft./ 11.0 x 19.8 m.,2015/12/29,CM
,CHINA,Dandong,,Dandong Wanda & IMAX,IMAX,IMAX,D,3D,Flat,,37.6 x 67.3 ft./ 11.5 x 20.5 m.,2013/12/24,CM
,CHINA,Danyang,,Danyang Babaiban Omnijoi & IMAX,IMAX,IMAX,D,3D,Flat,,45.6 x 79.1 ft./ 13.9 x 24.1 m.,2016/12/09,CM
,CHINA,Daqing,,Daqing Omnijoi & IMAX,IMAX,IMAX,D,3D,Flat,,39.0 x 71.4 ft./ 11.9 x 21.8 m.,2014/04/12,CM
,CHINA,Daqing,,Daqing Saertu Wanda & IMAX,IMAX,IMAX,D,3D,Flat,321.0,37.5 x 66.4 ft./ 11.4 x 20.3 m.,2011/11/25,CM
,CHINA,Daqing,,Daqing Science and Technology Museum,IMAX,IMAX,1570,2D,Dome,151.0,59.1 ft./ 18.0 m.,2010/01/15,N
,CHINA,Datong,,Datong Wanda & IMAX,IMAX,IMAX,D,3D,Flat,,34.8 x 62.8 ft./ 10.6 x 19.1 m.,2017/10/20,CM
,CHINA,Dazhou,,Dazhou Luofu Hengdian & IMAX,IMAX,IMAX,D,3D,Flat,,32.5 x 58.4 ft./ 9.9 x 17.8 m.,2017/04/30,CM
,CHINA,Deyang,,Deyang Wanda & IMAX,IMAX,IMAX,D,3D,Flat,,40.8 x 72.5 ft./ 12.4 x 22.1 m.,2016/09/16,CM
,CHINA,Dezhou,,Wanda Plaza Dezhou,IMAX,IMAX,D,3D,Flat,,41.0 x 72.1 ft./ 12.5 x 22.0 m.,2015/11/06,CM
,CHINA,Dongguan,,Dongguan Changan Wanda & IMAX,IMAX,IMAX,D,3D,Flat,,40.9 x 75.0 ft./ 12.5 x 22.9 m.,2013/07/20,CM
,CHINA,Dongguan,,Dongguan Dongcheng Wanda & IMAX,IMAX,IMAX,D,3D,Flat,,35.6 x 63.3 ft./ 10.9 x 19.3 m.,2014/09/12,CM
,CHINA,Dongguan,,Dongguan Guomao Center CGV 31,IMAX,IMAX,D,3D,Flat,,,2018/12/18,CM
,CHINA,Dongguan,,Dongguan Houjie Wanda & IMAX,IMAX,IMAX,D,3D,Flat,,41.7 x 73.1 ft./ 12.7 x 22.3 m.,2015/11/06,CM
,CHINA,Dongguan,,Dongguan Humen Wanda & IMAX,IMAX,IMAX,D,3D,Flat,,38.1 x 68.0 ft./ 11.6 x 20.7 m.,2016/12/16,CM
,CHINA,Dongguan,,Dongguan Sizhe Cross Cinema & IMAX,IMAX,IMAX,D,3D,Flat,,37.6 x 67.4 ft./ 11.5 x 20.5 m.,2015/01/21,CM
,CHINA,Dongying,,Dongying Wanda & IMAX,IMAX,IMAX,D,3D,Flat,,38.5 x 68.4 ft./ 11.7 x 20.9 m.,2015/08/15,CM
,CHINA,Dongying,,Dongying Wanda 259,IMAX,IMAX,D,3D,Flat,,33.2 x 60.4 ft./ 10.1 x 18.4 m.,2018/07/12,CM
,CHINA,Foshan,,Foshan Aeon CC & IMAX,IMAX,IMAX,D,3D,Flat,,34.5 x 62.7 ft./ 10.5 x 19.1 m.,2017,CM
,CHINA,Foshan,,Foshan CGV Xingxing & IMAX,IMAX,IMAX,D,3D,Flat,,37.7 x 69.3 ft./ 11.5 x 21.1 m.,2015/09/25,CM
,CHINA,Foshan,,Foshan Jinyi & IMAX,IMAX,IMAX,D,3D,Flat,,35.6 x 63.3 ft./ 10.9 x 19.3 m.,2014/07,CM
,CHINA,Foshan,,Foshan Nanhai Wanda & IMAX,IMAX,IMAX,D,3D,Flat,,38.1 x 68.2 ft./ 11.6 x 20.8 m.,2014/08/29,CM
,CHINA,Foshan,,Foshan Sanshui Cross & IMAX,IMAX,IMAX,D,3D,Flat,,40.7 x 71.9 ft./ 12.4 x 21.9 m.,2017/01/31,CM
,CHINA,Foshan,,Foshan Sanshui Wanda & IMAX,IMAX,IMAX,D,3D,Flat,,37.0 x 66.3 ft./ 11.3 x 20.2 m.,2016/11/18,CM
,CHINA,Foshan,,Foshan Yuexiu Xinghui Wanda & IMAX,IMAX,IMAX,D,3D,Flat,,32.7 x 57.4 ft./ 10.0 x 17.5 m.,2016/12/11,CM
,CHINA,Foshan,,Foshan Zose & IMAX,IMAX,IMAX,D,3D,Flat,,37.5 x 66.6 ft./ 11.4 x 20.3 m.,2015/12/23,CM
,CHINA,Fuqing,,Fuqing Wanda & IMAX,IMAX,IMAX,D,3D,Flat,,38.1 x 68.1 ft./ 11.6 x 20.8 m.,2014/12/05,CM
,CHINA,Fushun,,Fushun Wanda & IMAX,IMAX,IMAX,D,3D,Flat,,38.1 x 68.1 ft./ 11.6 x 20.8 m.,2013/10/25,CM
,CHINA,Fuxin,,Fuxin Wanda 260,IMAX,IMAX,D,3D,Flat,,35.0 x 63.0 ft./ 10.7 x 19.2 m.,2018/08/10,CM
,CHINA,Fuyang,,Fuyang Wanda & IMAX,IMAX,IMAX,D,3D,Flat,,37.3 x 66.7 ft./ 11.4 x 20.3 m.,2015/08/29,CM
,CHINA,Fuyang,,Fuyang Yingquan Wanda & IMAX,IMAX,IMAX,D,3D,Flat,,34.7 x 69.2 ft./ 10.6 x 21.1 m.,2017/06/16,CM
,CHINA,Fuzhou,,Fuzhou Cangshan Wanda & IMAX,IMAX,IMAX,D,3D,Flat,258.0,32.3 x 58.5 ft./ 9.8 x 17.8 m.,2011/12/03,CM
,CHINA,Fuzhou,,Fuzhou Great Town Omnijoi & IMAX,IMAX,IMAX,D,3D,Flat,,31.3 x 56.4 ft./ 9.5 x 17.2 m.,2016/12/24,CM
,CHINA,Fuzhou,,Fuzhou Jiangxi Wanda & IMAX,IMAX,IMAX,D,3D,Flat,,44.8 x 78.1 ft./ 13.7 x 23.8 m.,2017/06/16,CM
,CHINA,Fuzhou,,Fuzhou Powerlong Plaza & IMAX,IMAX,IMAX,D,3D,Flat,445.0,29.5 x 58.7 ft./ 9.0 x 17.9 m.,2012/04/10,CM
,CHINA,Fuzhou,,Fuzhou Stellar & IMAX,IMAX,IMAX,D,3D,Flat,,44.5 x 79.1 ft./ 13.6 x 24.1 m.,2015/01/10,CM
,CHINA,Fuzhou,,Fuzhou Taihe CGV & IMAX,IMAX,IMAX,D,3D,Flat,,35.9 x 63.6 ft./ 10.9 x 19.4 m.,2015/12/30,CM
,CHINA,Fuzhou,,Fuzhou Wanda & IMAX,IMAX,IMAX,D,3D,Flat,258.0,35.4 x 64.2 ft./ 10.8 x 19.6 m.,2011/05/20,CM
,CHINA,Ganzhou,,Ganzhou CGV & IMAX,IMAX,IMAX,D,3D,Flat,,45.2 x 79.1 ft./ 13.8 x 24.1 m.,2015/09/19,CM
,CHINA,Guangyuan,,Guangyuan Wanda & IMAX,IMAX,IMAX,D,3D,Flat,,38.4 x 68.7 ft./ 11.7 x 20.9 m.,2015/06/05,CM
,CHINA,Guangzhou,,Guangzhou Fanyang & IMAX,IMAX,IMAX,D,3D,Flat,,40.5 x 71.4 ft./ 12.3 x 21.8 m.,2014/05/02,CM
,CHINA,Guangzhou,,Guangzhou Grandview Mall Flying & IMAX,IMAX,IMAX,D,3D,Flat,,37.0 x 66.4 ft./ 11.3 x 20.2 m.,2016/06/08,CM
,CHINA,Guangzhou,,Guangzhou Hopson Lumiere & IMAX,IMAX,IMAX,D,3D,Flat,,38.1 x 66.9 ft./ 11.6 x 20.4 m.,2017/01/31,CM
,CHINA,Guangzhou,,Guangzhou IGC Palace & IMAX,IMAX,IMAX,D,3D,Flat,,37.5 x 67.3 ft./ 11.4 x 20.5 m.,2016/10/28,CM
,CHINA,Guangzhou,,Guangzhou Nansha Wanda & IMAX,IMAX,IMAX,D,3D,Flat,,38.7 x 69.1 ft./ 11.8 x 21.1 m.,2015/12/22,CM
,CHINA,Guangzhou,,Guangzhou Panyu Shawan Jinyi & IMAX,IMAX,IMAX,D,3D,Flat,,39.4 x 69.7 ft./ 12.0 x 21.3 m.,2016/11/21,CM
,CHINA,Guangzhou,,Guangzhou Panyu Wanda & IMAX,IMAX,IMAX,D,3D,Flat,,39.0 x 71.2 ft./ 11.9 x 21.7 m.,2014/11/08,CM
,CHINA,Guangzhou,,Guangzhou R&F Jinyi & IMAX,IMAX,IMAX,D,3D,Flat,,34.3 x 64.1 ft./ 10.5 x 19.5 m.,2016/02/05,CM
,CHINA,Guangzhou,,Guangzhou Sun City Jinyi & IMAX,IMAX,IMAX,D,3D,Flat,,24.8 x 47.4 ft./ 7.6 x 14.5 m.,2016/10/28,CM
,CHINA,Guangzhou,,Guangzhou Wanda & IMAX,IMAX,IMAX,D,3D,Flat,,38.4 x 69.9 ft./ 11.7 x 21.3 m.,2011/01/10,CM
,CHINA,Guangzhou,,Guangzhou Wanda 317,IMAX,IMAX,D,3D,Flat,,37.5 x 67.3 ft./ 11.4 x 20.5 m.,2018/12/13,CM
,CHINA,Guangzhou,,Guangzhou Wanshengwei Wanda & IMAX,IMAX,IMAX,D,3D,Flat,,41.0 x 72.9 ft./ 12.5 x 22.2 m.,2017/01/31,CM
,CHINA,Guangzhou,,Guangzhou Yayuncheng Wanda,IMAX,IMAX,D,3D,Flat,,38.2 x 68.4 ft./ 11.6 x 20.9 m.,2017,CM
,CHINA,Guangzhou,,Guangzhou Zhencheng Wanda & IMAX,IMAX,IMAX,D,3D,Flat,,35.4 x 64.1 ft./ 10.8 x 19.5 m.,2014/05/16,CM
,CHINA,Guangzhou,,Luogang Wanda & IMAX,IMAX,IMAX,D,3D,Flat,,41.0 x 72.2 ft./ 12.5 x 22.0 m.,2015/07/17,CM
,CHINA,Guangzhou,,UA Cinemas MoW & IMAX,IMAX,IMAX,D,3D,Flat,,,2013/01/21,CM
,CHINA,Guangzhou University City,,Guangdong Science Center,IMAX,IMAX,1570,3D,Flat,565.0,72.2 x 95.1 ft./ 22.0 x 29.0 m.,2008/09/27,N
,CHINA,Guigang,,Guigang Wanda & IMAX,IMAX,IMAX,D,3D,Flat,,35.2 x 63.6 ft./ 10.7 x 19.4 m.,2018,CM
,CHINA,Guilin,,Guilin Diecai Wanda & IMAX,IMAX,IMAX,D,3D,Flat,,35.3 x 62.5 ft./ 10.8 x 19.1 m.,2017/11/24,CM
,CHINA,Guilin,,Guiyang Wanda & IMAX Guilin,IMAX,IMAX,D,3D,Flat,,38.4 x 69.1 ft./ 11.7 x 21.1 m.,2015/09/12,CM
,CHINA,GUIYANG,,Guiyang Guanshanhu Wanda,IMAX,IMAX,D,3D,Flat,,38.2 x 68.2 ft./ 11.6 x 20.8 m.,2018/05/25,CM
,CHINA,Guiyang,,Guiyang Stellar International Cinema & IMAX,IMAX,IMAX,D,3D,Flat,,45.0 x 77.9 ft./ 13.7 x 23.8 m.,2013/05/31,CM
,CHINA,Guiyang,,Guiyang Wanda & IMAX,IMAX,IMAX,D,3D,Flat,,34.3 x 61.6 ft./ 10.5 x 18.8 m.,2013/12/27,CM
,CHINA,Haikou,,Haikou Bestar & IMAX,IMAX,IMAX,D,3D,Flat,,44.8 x 77.8 ft./ 13.7 x 23.7 m.,2016/10/28,CM
,CHINA,Haikou,,Haikou Cimen Zose & IMAX,IMAX,IMAX,D,3D,Flat,,38.0 x 68.2 ft./ 11.6 x 20.8 m.,2016/12/30,CM
,CHINA,Haikou,,Haikou Guomao CGV & IMAX,IMAX,IMAX,D,3D,Flat,,46.2 x 80.0 ft./ 14.1 x 24.4 m.,2017/01/31,CM
,CHINA,Haikou,,Haikou HNA MOVA Wanda & IMAX,IMAX,IMAX,D,3D,Flat,,39.9 x 71.8 ft./ 12.2 x 21.9 m.,2016/12/16,CM
,CHINA,Haikou,,Haikou Starbay Jinyi & IMAX,IMAX,IMAX,D,3D,Flat,,36.4 x 65.9 ft./ 11.1 x 20.1 m.,2016/12/07,CM
,CHINA,Haikou,,Haikou Xiuying Wanda & IMAX,IMAX,IMAX,D,3D,Flat,,35.1 x 63.1 ft./ 10.7 x 19.2 m.,2016/12/23,CM
,CHINA,Haikou,,Haikou Zose & IMAX,IMAX,IMAX,D,3D,Flat,,42.2 x 73.8 ft./ 12.9 x 22.5 m.,2014/01/17,CM
,CHINA,Handan,,Handan Cuigong CGV & IMAX,IMAX,IMAX,D,3D,Flat,,34.9 x 61.8 ft./ 10.6 x 18.8 m.,2018/07/28,CM
,CHINA,Hangzhou,,Hangzhou Binjiang Cinyo & IMAX,IMAX,IMAX,D,3D,Flat,,40.8 x 73.0 ft./ 12.4 x 22.3 m.,2016/12/17,CM
,CHINA,Hangzhou,,Hangzhou Broadway & IMAX,IMAX,IMAX,D,3D,Flat,464.0,,2010/08/05,CM
,CHINA,Hangzhou,,Hangzhou Chongxian Shangyi Plaza,IMAX,IMAX,D,3D,Flat,,36.7 x 65.9 ft./ 11.2 x 20.1 m.,2018/11/09,CM
,CHINA,Hangzhou,,Hangzhou Life Hub SFC & IMAX,IMAX,IMAX,D,3D,Flat,,34.7 x 61.9 ft./ 10.6 x 18.9 m.,2018/07/20,CM
,CHINA,Hangzhou,,Hangzhou Linping Bona & IMAX,IMAX,IMAX,D,3D,Flat,,36.3 x 64.4 ft./ 11.1 x 19.6 m.,2018/07/20,CM
,CHINA,Hangzhou,,Hangzhou Low Carbon Science & Technology Museum,unk,unk,D,3D,Flat,252.0,41.0 x 71.2 ft./ 12.5 x 21.7 m.,2012/07,N
,CHINA,Hangzhou,,Hangzhou Starry City Aurora & IMAX,IMAX,IMAX,D,3D,Flat,,32.0 x 59.4 ft./ 9.8 x 18.1 m.,2017/05/28,CM
,CHINA,Hangzhou,,Hangzhou Wanda & IMAX,IMAX,IMAX,D,3D,Flat,,40.3 x 66.6 ft./ 12.3 x 20.3 m.,2014/12/12,CM
,CHINA,Hangzhou,,Hangzhou Wanda Crystal City & IMAX,IMAX,IMAX,D,3D,Flat,,35.9 x 64.7 ft./ 10.9 x 19.7 m.,2014/12/05,CM
,CHINA,Hangzhou,,Hangzhou Wuzhou Jiaying & IMAX,IMAX,IMAX,D,3D,Flat,,33.4 x 60.8 ft./ 10.2 x 18.5 m.,2015/03/28,CM
,CHINA,Hangzhou,,Hangzhou Xiasha Longfor SFC & IMAX,IMAX,IMAX,D,3D,Flat,,40.4 x 71.9 ft./ 12.3 x 21.9 m.,2015/09/26,CM
,CHINA,Hangzhou,,Hangzhou Xinyo & IMAX,IMAX,IMAX,D,3D,Flat,348.0,35.8 x 64.0 ft./ 10.9 x 19.5 m.,2010/09/21,CM
,CHINA,Hangzhou,,Xiaoshan Yinlong Tonight & IMAX,IMAX,IMAX,D,3D,Flat,,35.0 x 64.6 ft./ 10.7 x 19.7 m.,2015/11/13,CM
,CHINA,Hanzhou,,Hangzhou Xilian Jinyi & IMAX,IMAX,IMAX,D,3D,Flat,,35.4 x 64.7 ft./ 10.8 x 19.7 m.,2016/01/29,CM
,CHINA,Harbin,,Harbin Central Street Wanda & IMAX,IMAX,IMAX,D,3D,Flat,424.0,29.4 x 56.5 ft./ 9.0 x 17.2 m.,2011/11/19,CM
,CHINA,Harbin,,Harbin Exhibition Center CGV & IMAX,IMAX,IMAX,D,3D,Flat,,36.9 x 66.4 ft./ 11.3 x 20.2 m.,2016/02/03,CM
,CHINA,Harbin,,Harbin Hengshan Wanda & IMAX,IMAX,IMAX,D,3D,Flat,335.0,34.9 x 63.2 ft./ 10.6 x 19.3 m.,2011/11/10,CM
,CHINA,Harbin,,Harbin Qunli Wanda & IMAX,IMAX,IMAX,D,3D,Flat,,34.5 x 62.3 ft./ 10.5 x 19.0 m.,2017/06/23,CM
,CHINA,Harbin,,Harbin Songlei Wanda,IMAX,IMAX,D,3D,Flat,,31.7 x 56.3 ft./ 9.7 x 17.2 m.,2017/09/15,CM
,CHINA,Harbin,,Harbin Tai Lai Era & IMAX,IMAX,IMAX,DL2,3D,Flat,,69.0 x 93.0 ft./ 21.0 x 28.4 m.,2015/01/28,CM
,CHINA,Harbin,,Harbin Wanda Mall & IMAX,IMAX,IMAX,D,3D,Flat,,,2017/06/30,CM
,CHINA,Harbin,,Haxi Wanda Plaza IMAX,IMAX,IMAX,D,3D,Flat,,37.7 x 67.4 ft./ 11.5 x 20.5 m.,2013/09/13,CM
,CHINA,Harbin,,Heilongjiang Science and Technology Museum,IMAX,IMAX,1570,2D,Dome,223.0,75.5 ft./ 23.0 m.,2003/08/08,N
,CHINA,Hebi,,Hebi Wanda 256,IMAX,IMAX,D,3D,Flat,,34.7 x 63.3 ft./ 10.6 x 19.3 m.,2018/06/22,CM
,CHINA,Hefei,,Hefei Baolifeng Wanda,IMAX,IMAX,D,3D,Flat,,39.9 x 70.5 ft./ 12.2 x 21.5 m.,2017,CM
,CHINA,Hefei,,Hefei Chaohu Wanda & IMAX,IMAX,IMAX,D,3D,Flat,,37.8 x 67.6 ft./ 11.5 x 20.6 m.,2018/11/02,CM
,CHINA,Hefei,,Hefei MixC Emperor UA & IMAX,IMAX,IMAX,D,3D,Flat,,37.9 x 68.2 ft./ 11.6 x 20.8 m.,2015/10/15,CM
,CHINA,Hefei,,Hefei Swan Lake Wanda & IMAX,IMAX,IMAX,D,3D,Flat,381.0,39.5 x 70.0 ft./ 12.1 x 21.3 m.,2012/07/27,CM
,CHINA,Hefei,,Hefei Wanda Mall & IMAX,IMAX,IMAX,D,3D,Flat,,38.4 x 68.6 ft./ 11.7 x 20.9 m.,2016/09/24,CM
,CHINA,Hefei,,Hefei Wanda Plaza IMAX,IMAX,IMAX,D,3D,Flat,374.0,39.4 x 69.9 ft./ 12.0 x 21.3 m.,2011/01/10,CM
,CHINA,Hefei,,Hefei Wulishan HBC & IMAX,IMAX,IMAX,D,3D,Flat,,37.7 x 67.5 ft./ 11.5 x 20.6 m.,2017/08/18,CM
,CHINA,Hefei,,Hefei Yaohai Wanda & IMAX,IMAX,IMAX,D,3D,Flat,,,2016/09/10,CM
,CHINA,Hengyang,,Hengyang Wanda & IMAX,IMAX,IMAX,D,3D,Flat,,,2017/09/29,CM
,CHINA,Heze,,Heze Wanda & IMAX,IMAX,IMAX,D,3D,Flat,,35.6 x 64.1 ft./ 10.9 x 19.5 m.,2018,CM
,CHINA,Hohhot,,Hohhot CGV & IMAX,IMAX,IMAX,D,3D,Flat,,35.7 x 68.2 ft./ 10.9 x 20.8 m.,2014/12/27,CM
,CHINA,Hohhot,,Hohhot East Xinhua Road Wanda & IMAX,IMAX,IMAX,D,3D,Flat,396.0,35.8 x 65.2 ft./ 10.9 x 19.9 m.,2011/11/08,CM
,CHINA,Hohhot,,Hohhot Huis Wanda & IMAX,IMAX,IMAX,D,3D,Flat,,42.4 x 74.0 ft./ 12.9 x 22.6 m.,2017/08/25,CM
,CHINA,Hohhot,,Hohhot Xiyue Wanda,IMAX,IMAX,D,3D,Flat,,36.3 x 64.6 ft./ 11.1 x 19.7 m.,2017,CM
,CHINA,Hong Kong,,Hong Kong Space Museum,IMAX,IMAX,1570+D,2D,Dome,316.0,75.5 ft./ 23.0 m.,1980/10/07,N
,CHINA,Hong Kong,,Hong Kong Yoho Mall Broadway & IMAX,IMAX,IMAX,D,3D,Flat,,36.1 x 66.1 ft./ 11.0 x 20.2 m.,2017/07/21,CM
,CHINA,Hong Kong,,UA IMAX Theatre @ Airport,IMAX,IMAX,D,3D,Flat,350.0,45.3 x 73.5 ft./ 13.8 x 22.4 m.,2007/03,CM
,CHINA,Hong Kong,,UA i-Square & IMAX,IMAX,IMAX,D,3D,Flat,444.0,,2009/12/17,CM
,CHINA,Hong Kong,,UA Megabox & IMAX,IMAX,IMAX,D,3D,Flat,256.0,37.3 x 58.1 ft./ 11.4 x 17.7 m.,2006/01/19,CM
,CHINA,Huai'an,,Huai'an Dragon Will Plaza Wanda & IMAX,IMAX,IMAX,D,3D,Flat,,34.5 x 61.4 ft./ 10.5 x 18.7 m.,2017,CM
,CHINA,Huai'an,,Huai'an Wanda & IMAX,IMAX,IMAX,D,3D,Flat,289.0,36.3 x 61.0 ft./ 11.1 x 18.6 m.,2011/11/18,CM
,CHINA,Huaibei,,Huaibai Wanda & IMAX,IMAX,IMAX,D,3D,Flat,,35.5 x 64.3 ft./ 10.8 x 19.6 m.,2018/09/28,CM
,CHINA,Huainan,,Huainan Wanda & IMAX,IMAX,IMAX,D,3D,Flat,,36.0 x 64.8 ft./ 11.0 x 19.8 m.,2018/09/07,CM
,CHINA,Huanggang,,Huanggang Wanda & IMAX,IMAX,IMAX,D,3D,Flat,,34.2 x 62.0 ft./ 10.4 x 18.9 m.,2018/06/22,CM
,CHINA,Huangshi,,Huangshi Wanda & IMAX,IMAX,IMAX,D,3D,Flat,,38.1 x 68.1 ft./ 11.6 x 20.8 m.,2015/07/03,CM
,CHINA,Huizhou,,Huizhou Dayawan Wanda & IMAX,IMAX,IMAX,D,3D,Flat,,35.0 x 63.1 ft./ 10.7 x 19.2 m.,2017/11/24,CM
,CHINA,Huizhou,,Huizhou Kaishi & IMAX,IMAX,IMAX,D,3D,Flat,,39.0 x 69.6 ft./ 11.9 x 21.2 m.,2014/01/31,CM
,CHINA,Huzhou,,Huzhou Wanda & IMAX,IMAX,IMAX,D,3D,Flat,,36.9 x 66.2 ft./ 11.3 x 20.2 m.,2016/12/23,CM
,CHINA,Jiamusi,,Jiamusi Wanda & IMAX,IMAX,IMAX,D,3D,Flat,,37.4 x 66.9 ft./ 11.4 x 20.4 m.,2015/09/12,CM
,CHINA,Jiangmen,,Jiangmen CGV Cinema & IMAX,IMAX,IMAX,D,3D,Flat,,38.0 x 67.3 ft./ 11.6 x 20.5 m.,2014/08/26,CM
,CHINA,Jiangmen,,Jiangmen Xinhui Wanda & IMAX,IMAX,IMAX,D,3D,Flat,,35.0 x 63.1 ft./ 10.7 x 19.2 m.,2018/08/31,CM
,CHINA,Jiangyin,,Jiangyin Meijia City Jinyi & IMAX,IMAX,IMAX,D,3D,Flat,,44.1 x 78.1 ft./ 13.4 x 23.8 m.,2017/10/28,CM
,CHINA,Jiangyin,,Jiangyin Wanda IMAX,IMAX,IMAX,D,3D,Flat,360.0,38.4 x 69.6 ft./ 11.7 x 21.2 m.,2012/09/22,CM
,CHINA,Jianyang,,Jianyang Xuhai Wanda & IMAX,IMAX,IMAX,D,3D,Flat,,37.4 x 65.3 ft./ 11.4 x 19.9 m.,2016/09/22,CM
,CHINA,Jiaozuo,,Jiaozuo Wanda & IMAX,IMAX,IMAX,D,3D,Flat,,34.9 x 63.1 ft./ 10.6 x 19.2 m.,2017/06/30,CM
,CHINA,Jiaxing,,Jiaxing Wanda & IMAX,IMAX,IMAX,D,3D,Flat,,37.2 x 66.8 ft./ 11.3 x 20.4 m.,2015/06/12,CM
,CHINA,Jilin,,Jilin Changyi Wanda,IMAX,IMAX,D,3D,Flat,,37.2 x 66.6 ft./ 11.3 x 20.3 m.,2017/09/15,CM
,CHINA,Jilin,,Jilin Huaye Wanda & IMAX,IMAX,IMAX,D,3D,Flat,,42.3 x 74.1 ft./ 12.9 x 22.6 m.,2015/01/10,CM
,CHINA,Jilin,,Jilin Ouya Wanda & IMAX,IMAX,IMAX,D,3D,Flat,,38.8 x 68.4 ft./ 11.8 x 20.9 m.,2015/01/04,CM
,CHINA,Jinan,,Ji Nan Wanda Place & IMAX,IMAX,IMAX,D,3D,Flat,404.0,36.1 x 65.3 ft./ 11.0 x 19.9 m.,2010/11/19,CM
,CHINA,Jinan,,Jinan Gaoxin Wanda & IMAX,IMAX,IMAX,D,3D,Flat,,38.9 x 69.4 ft./ 11.9 x 21.2 m.,2016/06/18,CM
,CHINA,Jinan,,Jinan Huilong Jinyi & IMAX,IMAX,IMAX,D,3D,Flat,,44.0 x 76.7 ft./ 13.4 x 23.4 m.,2017/01/31,CM
,CHINA,Jingmen,,Jingmen Wanda & IMAX,IMAX,IMAX,D,3D,Flat,,36.6 x 65.9 ft./ 11.2 x 20.1 m.,2016/06/03,CM
,CHINA,Jingzhou,,Jingzhou Wanda & IMAX,IMAX,IMAX,D,3D,Flat,,37.8 x 67.7 ft./ 11.5 x 20.6 m.,2014/09/20,CM
,CHINA,Jinhua,,Jinhua Wanda & IMAX,IMAX,IMAX,D,3D,Flat,,38.2 x 68.3 ft./ 11.6 x 20.8 m.,2014/07/25,CM
,CHINA,Jining,,Jining Wanda & IMAX,IMAX,IMAX,D,3D,Flat,,37.9 x 67.7 ft./ 11.6 x 20.6 m.,2014/07/05,CM
,CHINA,Jinjiang,,Jinjiang Wanda & IMAX,IMAX,IMAX,D,3D,Flat,354.0,38.5 x 67.1 ft./ 11.7 x 20.5 m.,2012/08/10,CM
,CHINA,Jinzhong,,Jinzhong Wanda & IMAX,IMAX,IMAX,D,3D,Flat,,,2017/08/18,CM
,CHINA,Jinzhou,,Jinzhou Wanda & IMAX,IMAX,IMAX,D,3D,Flat,,35.0 x 63.0 ft./ 10.7 x 19.2 m.,2017/09,CM
,CHINA,Jiujiang,,Jiujiang Wanda & IMAX,IMAX,IMAX,D,3D,Flat,,38.5 x 68.8 ft./ 11.7 x 21.0 m.,2017/07/08,CM
,CHINA,Jiuquan,,Jiuquan Wanda & IMAX,IMAX,IMAX,D,3D,Flat,,34.0 x 61.7 ft./ 10.4 x 18.8 m.,2017/11/10,CM
,CHINA,Jixi,,Jixi Wanda & IMAX,IMAX,IMAX,D,3D,Flat,,38.4 x 69.1 ft./ 11.7 x 21.1 m.,2016/07/15,CM
,CHINA,Kaifeng,,Kaifeng Wanda & IMAX,IMAX,IMAX,D,3D,Flat,,34.3 x 61.7 ft./ 10.5 x 18.8 m.,2018/09/28,CM
,CHINA,Kunming,,Kunming Broadway IMAX,IMAX,IMAX,D,3D,Flat,291.0,39.7 x 69.9 ft./ 12.1 x 21.3 m.,2009/11/02,CM
,CHINA,Kunming,,Kunming CGV & IMAX,IMAX,IMAX,D,3D,Flat,,36.4 x 64.8 ft./ 11.1 x 19.8 m.,2015/12/18,CM
,CHINA,Kunming,,Kunming Panxing Dadu LLC & IMAX,IMAX,IMAX,DL2,3D,Flat,,57.0 x 75.8 ft./ 17.4 x 23.1 m.,2016/06/09,CM
,CHINA,Kunming,,Kunming Tongde Wanda & IMAX,IMAX,IMAX,D,3D,Flat,,38.2 x 67.1 ft./ 11.6 x 20.5 m.,2014/10/18,CM
,CHINA,Kunming,,Kunming West Life Times SFC & IMAX,IMAX,IMAX,D,3D,Flat,,43.2 x 75.0 ft./ 13.2 x 22.9 m.,2017/10,CM
,CHINA,Kunming,,Kunming Xishan Wanda & IMAX,IMAX,IMAX,D,3D,Flat,,38.3 x 67.9 ft./ 11.7 x 20.7 m.,2014/10/31,CM
,CHINA,Kunshan,,Kunshan Culture & Art Centre,IMAX,IMAX,D,3D,Flat,,38.4 x 68.7 ft./ 11.7 x 20.9 m.,2013/03/25,N
,CHINA,Kunshan,,Kunshan Wanda,IMAX,IMAX,D,3D,Flat,,35.3 x 63.6 ft./ 10.8 x 19.4 m.,2017/07/05,CM
,CHINA,Langfang,,Langfang Wanda & IMAX,IMAX,IMAX,D,3D,Flat,393.0,40.5 x 72.0 ft./ 12.3 x 22.0 m.,2011/11/11,CM
,CHINA,Lanzhou,,Lanzhou Wanda & IMAX,IMAX,IMAX,DL,3D,Flat,,37.4 x 66.9 ft./ 11.4 x 20.4 m.,2014/10/24,CM
,CHINA,Leshan,,Leshan Wanda & IMAX,IMAX,IMAX,D,3D,Flat,,37.1 x 66.4 ft./ 11.3 x 20.2 m.,2016/09/23,CM
,CHINA,Lianyungang,,Lianyungang Wanda & IMAX,IMAX,IMAX,D,3D,Flat,,34.9 x 62.1 ft./ 10.6 x 18.9 m.,2016/11/18,CM
,CHINA,Liaoyang,,Liaoyang Wanda & IMAX,IMAX,IMAX,D,3D,Flat,,35.4 x 62.7 ft./ 10.8 x 19.1 m.,2017/07/28,CM
,CHINA,Linfen,,Linfen Xinbaihui Wanda & IMAX,IMAX,IMAX,D,3D,Flat,,35.1 x 62.8 ft./ 10.7 x 19.1 m.,2016/12/20,CM
,CHINA,Linyi,,Linyi Taisheng Plaza CGV & IMAX,IMAX,IMAX,D,3D,Flat,,36.5 x 64.3 ft./ 11.1 x 19.6 m.,2018/12/21,CM
,CHINA,Lishui,,Zhejiang Wandi & IMAX,IMAX,IMAX,D,3D,Flat,,41.2 x 73.5 ft./ 12.6 x 22.4 m.,2013/10/10,CM
,CHINA,Liupanshui,,Liupanshui Wanda,IMAX,IMAX,D,3D,Flat,,35.3 x 64.0 ft./ 10.8 x 19.5 m.,2017/12/08,CM
,CHINA,Liuzhou,,Liuzhou Chengzhong Wanda & IMAX,IMAX,IMAX,DL,3D,Flat,,38.0 x 67.9 ft./ 11.6 x 20.7 m.,2015/11/27,CM
,CHINA,Liuzhou,,Liuzhou Liunan Wanda & IMAX,IMAX,IMAX,D,3D,Flat,,34.8 x 62.7 ft./ 10.6 x 19.1 m.,2016/12/12,CM
,CHINA,Liyang,,Liyang Shanghecheng Omnijoi & IMAX,IMAX,IMAX,D,3D,Flat,,36.9 x 66.6 ft./ 11.3 x 20.3 m.,2016/12/09,CM
,CHINA,Longyan,,Longyan Wanda & IMAX,IMAX,IMAX,D,3D,Flat,,38.2 x 68.2 ft./ 11.6 x 20.8 m.,2014/11/07,CM
,CHINA,Lu’an,,Lu'an Wanda & IMAX,IMAX,IMAX,D,3D,Flat,,35.2 x 63.3 ft./ 10.7 x 19.3 m.,2016,CM
,CHINA,Luoyang,,Luoyang Wanda & IMAX,IMAX,IMAX,D,3D,Flat,295.0,26.7 x 51.0 ft./ 8.2 x 15.5 m.,2012/02/21,CM
,CHINA,Luzhou,,Luzhou CGV & IMAX,IMAX,IMAX,D,3D,Flat,,37.9 x 67.7 ft./ 11.6 x 20.6 m.,2015/11/06,CM
,CHINA,Luzhou,,Luzhou Wanda & IMAX,IMAX,IMAX,D,3D,Flat,,35.5 x 64.0 ft./ 10.8 x 19.5 m.,2018/06,CM
,CHINA,Ma'anshan,,Ma'anshan Wanda & IMAX,IMAX,IMAX,D,3D,Flat,,38.1 x 68.1 ft./ 11.6 x 20.8 m.,2014/09/19,CM
,CHINA,Meishan,,Meishan Sculpture Plaza Wanda,IMAX,IMAX,D,3D,Flat,,35.8 x 63.5 ft./ 10.9 x 19.4 m.,2017/04,CM
,CHINA,Meizhou,,Meizhou Wanda & IMAX,IMAX,IMAX,D,3D,Flat,,37.4 x 67.3 ft./ 11.4 x 20.5 m.,2016/09/23,CM
,CHINA,Mianyang,,Mianyang Fucheng Wanda & IMAX,IMAX,IMAX,D,3D,Flat,353.0,37.6 x 67.9 ft./ 11.5 x 20.7 m.,2012/12/22,CM
,CHINA,Mongkok,,Cine Grand Century & IMAX,IMAX,IMAX,D,3D,Flat,268.0,30.4 x 53.6 ft./ 9.3 x 16.3 m.,2014/01/29,CM
,CHINA,Mudanjiang,,Mudanjiang Wanda & IMAX,IMAX,IMAX,D,3D,Flat,,36.9 x 66.2 ft./ 11.3 x 20.2 m.,2016/07/22,CM
,CHINA,Nanchang,,Jiangxi Science and Technology Center,IWRK,IWRK,870,2D,Dome,292.0,,2002/08,N
,CHINA,Nanchang,,Nanchang Bayi Wanda & IMAX,IMAX,IMAX,D,3D,Flat,275.0,26.5 x 50.1 ft./ 8.1 x 15.3 m.,2011/11/11,CM
,CHINA,Nanchang,,Nanchang Bestar & IMAX,IMAX,IMAX,D,3D,Flat,,30.9 x 55.4 ft./ 9.4 x 16.9 m.,2016/11/18,CM
,CHINA,Nanchang,,Nanchang Honggutan Wanda & IMAX,IMAX,IMAX,D,3D,Flat,335.0,37.9 x 67.5 ft./ 11.6 x 20.6 m.,2012/08/26,CM
,CHINA,Nanchang,,Nanchang Mall Wanda & IMAX,IMAX,IMAX,D,3D,Flat,,45.2 x 78.2 ft./ 13.8 x 23.8 m.,2016/05/28,CM
,CHINA,Nanchang,,Nanchang Stellar & IMAX,IMAX,IMAX,D,3D,Flat,,39.8 x 72.8 ft./ 12.1 x 22.2 m.,2014/05/04,CM
,CHINA,Nanchang,,Nanchang Wanda 271,IMAX,IMAX,D,3D,Flat,,37.1 x 66.3 ft./ 11.3 x 20.2 m.,2018/12/13,CM
,CHINA,Nanchang,,Nanchang Xihu Wanda & IMAX,IMAX,IMAX,D,3D,Flat,,35.2 x 63.2 ft./ 10.7 x 19.3 m.,2017/06/23,CM
,CHINA,Nanjing,,Nanjing Changfa Omnijoi & IMAX,IMAX,IMAX,D,3D,Flat,,37.1 x 66.8 ft./ 11.3 x 20.4 m.,2016/09/30,CM
,CHINA,Nanjing,,Nanjing Hanlogon Wanda & IMAX,IMAX,IMAX,D,3D,Flat,,35.3 x 61.8 ft./ 10.8 x 18.8 m.,2018/11/10,CM
,CHINA,Nanjing,,Nanjing Jiangning Wanda & IMAX,IMAX,IMAX,D,3D,Flat,,37.7 x 67.5 ft./ 11.5 x 20.6 m.,2013/12/24,CM
,CHINA,Nanjing,,Nanjing Stellar & IMAX,IMAX,IMAX,D,3D,Flat,,38.2 x 68.3 ft./ 11.6 x 20.8 m.,2015/06/10,CM
,CHINA,Nanjing,,Nanjing Tongxi Jinyi & IMAX,IMAX,IMAX,D,3D,Flat,,41.6 x 73.8 ft./ 12.7 x 22.5 m.,2014/11/12,CM
,CHINA,Nanjing,,Nanjing Wanda & IMAX,IMAX,IMAX,D,3D,Flat,360.0,39.3 x 70.0 ft./ 12.0 x 21.3 m.,2011/07/21,CM
,CHINA,Nanjing,,Nanjing Xianlin Wanda & IMAX,IMAX,IMAX,D,3D,Flat,,38.6 x 68.9 ft./ 11.8 x 21.0 m.,2018/06,CM
,CHINA,Nanjing,,Nanjing Xinjiekou & IMAX,IMAX,IMAX,D,3D,Flat,,,2012/07/15,CM
,CHINA,Nanning,,Guangxi Yongheng Winhand Jingzuan & IMAX,IMAX,IMAX,D,3D,Flat,,40.6 x 71.5 ft./ 12.4 x 21.8 m.,2014/01/31,CM
,CHINA,Nanning,,Nanning Anji Wanda & IMAX,IMAX,IMAX,D,3D,Flat,,37.6 x 67.9 ft./ 11.5 x 20.7 m.,2015/05/12,CM
,CHINA,Nanning,,Nanning Huicui Wanda & IMAX,IMAX,IMAX,D,3D,Flat,,26.8 x 49.6 ft./ 8.2 x 15.1 m.,2013/10,CM
,CHINA,Nanning,,Nanning Jiangnan Wanda & IMAX,IMAX,IMAX,D,3D,Flat,,38.5 x 68.9 ft./ 11.7 x 21.0 m.,2017/06/23,CM
,CHINA,Nanning,,Nanning Minzu Cinema & IMAX,IMAX,IMAX,D,3D,Flat,,43.1 x 77.8 ft./ 13.1 x 23.7 m.,2014/06/27,CM
,CHINA,Nanning,,Nanning Qingxiu Wanda & IMAX,IMAX,IMAX,D,3D,Flat,,38.3 x 67.1 ft./ 11.7 x 20.5 m.,2014/12/18,CM
,CHINA,Nanning,,Nanning Wanda Mall & IMAX,IMAX,IMAX,D,3D,Flat,,39.7 x 70.7 ft./ 12.1 x 21.6 m.,2017/06/17,CM
,CHINA,Nanping,,Nanping Wanda 322,IMAX,IMAX,D,3D,Flat,,37.4 x 66.9 ft./ 11.4 x 20.4 m.,2018/12/13,CM
,CHINA,Nantong,,Nantong Gangzha Wanda & IMAX,IMAX,IMAX,D,3D,Flat,,38.4 x 68.6 ft./ 11.7 x 20.9 m.,2015/12/12,CM
,CHINA,Nantong,,Nantong MixC Jinyi,IMAX,IMAX,D,3D,Flat,,37.0 x 65.3 ft./ 11.3 x 19.9 m.,2018/12/13,CM
,CHINA,Nantong,,Nantong Omnijoi & IMAX,IMAX,IMAX,D,3D,Flat,,43.6 x 76.1 ft./ 13.3 x 23.2 m.,2015/01/09,CM
,CHINA,Nantong,,Nantong Tongzhou Wanda  & IMAX,IMAX,IMAX,D,3D,Flat,,36.2 x 65.0 ft./ 11.0 x 19.8 m.,2017,CM
,CHINA,Nantong,,Nantong Wanda & IMAX,IMAX,IMAX,D,3D,Flat,,33.6 x 60.7 ft./ 10.2 x 18.5 m.,2014/10/31,CM
,CHINA,Nantong,,Nantong Xingguangyao Wanda & IMAX,IMAX,IMAX,D,3D,Flat,,34.1 x 61.0 ft./ 10.4 x 18.6 m.,2015/09/25,CM
,CHINA,Nanyang,,Nanyang Zhongtai Wanda & IMAX,IMAX,IMAX,D,3D,Flat,,38.5 x 68.4 ft./ 11.7 x 20.9 m.,2017/07/08,CM
,CHINA,Neijiang,,Neijiang Wanda & IMAX,IMAX,IMAX,D,3D,Flat,,45.5 x 78.9 ft./ 13.9 x 24.1 m.,2015/06/26,CM
,CHINA,Ningbo,,CGV Ningbo Yuyao Wucaicheng & IMAX,IMAX,IMAX,D,3D,Flat,,38.4 x 68.6 ft./ 11.7 x 20.9 m.,2014/06/28,CM
,CHINA,Ningbo,,Ningbo Fenghua Wanda 318,IMAX,IMAX,D,3D,Flat,,34.0 x 61.4 ft./ 10.4 x 18.7 m.,2018/05/26,CM
,CHINA,Ningbo,,Ningbo Jiangbei Wanda Plaza & IMAX,IMAX,IMAX,D,3D,Flat,374.0,39.6 x 70.0 ft./ 12.1 x 21.3 m.,2011/12/15,CM
,CHINA,Ningbo,,Ningbo Shanjing Outlet Stellar & IMAX,IMAX,IMAX,D,3D,Flat,,40.1 x 70.8 ft./ 12.2 x 21.6 m.,2016/03/11,CM
,CHINA,Ningbo,,Ningbo Wanda & IMAX,IMAX,IMAX,D,3D,Flat,334.0,36.4 x 65.5 ft./ 11.1 x 20.0 m.,2011/07/21,CM
,CHINA,Ningbo,,Ningbo Yinzhou CGV & IMAX,IMAX,IMAX,D,3D,Flat,,38.9 x 68.9 ft./ 11.9 x 21.0 m.,2015/01/02,CM
,CHINA,Ningde,,Ningde Wanda & IMAX,IMAX,IMAX,D,3D,Flat,320.0,38.4 x 69.2 ft./ 11.7 x 21.1 m.,2012/08/27,CM
,CHINA,Panjin,,CGV International Cinema & IMAX,IMAX,IMAX,D,3D,Flat,,39.7 x 70.0 ft./ 12.1 x 21.3 m.,2013/01/07,CM
,CHINA,Pingdingshan,,Pingdingshan Wanda & IMAX,IMAX,IMAX,D,3D,Flat,,35.7 x 63.2 ft./ 10.9 x 19.3 m.,2017/11/24,CM
,CHINA,Putian,,Putian Wanda & IMAX,IMAX,IMAX,D,3D,Flat,345.0,37.1 x 65.9 ft./ 11.3 x 20.1 m.,2012/12/15,CM
,CHINA,Qingdao,,Qiang Dao Wanda CBD & IMAX,IMAX,IMAX,D,3D,Flat,373.0,33.1 x 65.6 ft./ 10.1 x 20.0 m.,2011/02/02,CM
,CHINA,Qingdao,,Qingdao CapitaMall New City Center CGV & IMAX,IMAX,IMAX,D,3D,Flat,,36.1 x 63.7 ft./ 11.0 x 19.4 m.,2016/06/30,CM
,CHINA,Qingdao,,Qingdao Licang Wanda IMAX,IMAX,IMAX,D,3D,Flat,345.0,38.4 x 68.6 ft./ 11.7 x 20.9 m.,2012/09/21,CM
,CHINA,Qingdao,,Qingdao Lion Mall SFC & IMAX,IMAX,IMAX,D,3D,Flat,,35.1 x 63.0 ft./ 10.7 x 19.2 m.,2016/05/06,CM
,CHINA,Qingdao,,Qingdao MixC City CGV & IMAX,IMAX,IMAX,D,3D,Flat,,44.2 x 77.4 ft./ 13.5 x 23.6 m.,2015/04/30,CM
,CHINA,Qingdao,,Qingdao Wanda 302,IMAX,IMAX,D,3D,Flat,,37.5 x 67.1 ft./ 11.4 x 20.5 m.,2018/04/28,CM
,CHINA,Qingyuan,,Qingyuan Wanda & IMAX,IMAX,IMAX,D,3D,Flat,,34.8 x 62.7 ft./ 10.6 x 19.1 m.,2016/12/29,CM
,CHINA,Qiqihar,,Qiqihar Wanda & IMAX,IMAX,IMAX,D,3D,Flat,,37.1 x 66.4 ft./ 11.3 x 20.2 m.,2015/08,CM
,CHINA,Quanzhou,,Quanzhou Anxi Powerlong Jinyi & IMAX,IMAX,IMAX,D,3D,Flat,,33.2 x 60.0 ft./ 10.1 x 18.3 m.,2016/11/30,CM
,CHINA,Quanzhou,,Quanzhou Wanda & IMAX,IMAX,IMAX,D,3D,Flat,416.0,38.4 x 70.0 ft./ 11.7 x 21.3 m.,2012/09/29,CM
,CHINA,Qujing,,Qujing Wanda & IMAX,IMAX,IMAX,D,3D,Flat,,35.5 x 64.0 ft./ 10.8 x 19.5 m.,2017/10/27,CM
,CHINA,Quzhou,,Quzhou Wanda & IMAX,IMAX,IMAX,D,3D,Flat,,36.4 x 65.4 ft./ 11.1 x 19.9 m.,2017,CM
,CHINA,Sanmenxia,,Sanmenxia Wanda & IMAX,IMAX,IMAX,D,3D,Flat,,36.3 x 65.2 ft./ 11.1 x 19.9 m.,2016/10/21,CM
,CHINA,Sanming,,Sanming Wanda & IMAX,IMAX,IMAX,D,3D,Flat,,39.9 x 70.4 ft./ 12.2 x 21.5 m.,2016/12/30,CM
,CHINA,Sanya,,Sanya Wanda & IMAX,IMAX,IMAX,D,3D,Flat,293.0,36.2 x 68.6 ft./ 11.0 x 20.9 m.,2011/09/16,CM
,CHINA,Sanya,,Sanya Zose Cinema & IMAX,IMAX,IMAX,D,3D,Flat,,39.6 x 70.5 ft./ 12.1 x 21.5 m.,2014/08,CM
,CHINA,Shanghai,,IMAX 3D Theater,IMAX,IMAX,1570,3D,Flat,441.0,60.1 x 79.8 ft./ 18.3 x 24.3 m.,2001/12/19,N
,CHINA,Shanghai,,IMAX Dome Theater,IMAX,IMAX,1570,2D,Dome,280.0,75.5 ft./ 23.0 m.,2001/12/19,N
,CHINA,Shanghai,,"IMAX, Peace Cinema",IMAX,IMAX,D,3D,Flat,358.0,52.5 x 65.3 ft./ 16.0 x 19.9 m.,2004/02/20,CM
,CHINA,Shanghai,,Jinyi Cinema & IMAX,IMAX,IMAX,D,3D,Flat,246.0,26.8 x 54.5 ft./ 8.2 x 16.6 m.,2012/12/22,CM
,CHINA,Shanghai,,Shanghai Baoshan Stellar & IMAX,IMAX,IMAX,D,3D,Flat,,33.7 x 60.8 ft./ 10.3 x 18.5 m.,2016/10/12,CM
,CHINA,Shanghai,,Shanghai Bingo SFC & IMAX,IMAX,IMAX,D,3D,Flat,,33.8 x 60.0 ft./ 10.3 x 18.3 m.,2016/08/03,CM
,CHINA,Shanghai,,Shanghai Broadway Cinema & IMAX,IMAX,IMAX,D,3D,Flat,,,2013/08/05,CM
,CHINA,Shanghai,,Shanghai Chuansha SFC Bailian,IMAX,IMAX,D,3D,Flat,,36.3 x 64.0 ft./ 11.1 x 19.5 m.,2017/06/08,CM
,CHINA,Shanghai,,Shanghai Daning Aurora & IMAX,IMAX,IMAX,D,3D,Flat,,37.3 x 66.4 ft./ 11.4 x 20.2 m.,2016/05/28,CM
,CHINA,Shanghai,,Shanghai Daning IMIX Park Hoyts & IMAX,IMAX,IMAX,D,3D,Flat,300.0,44.2 x 84.9 ft./  x  m.,2018,CM
,CHINA,Shanghai,,Shanghai Emperior UA & IMAX,IMAX,IMAX,D,3D,Flat,,40.0 x 70.0 ft./ 12.2 x 21.3 m.,2015/10/03,CM
,CHINA,Shanghai,,Shanghai Fengxian Powerlong Hengdian & IMAX,IMAX,IMAX,D,3D,Flat,,35.5 x 62.8 ft./ 10.8 x 19.1 m.,2016/01,CM
,CHINA,Shanghai,,Shanghai Hongqiao Lingkong & IMAX,IMAX,IMAX,D,3D,Flat,,30.2 x 55.1 ft./ 9.2 x 16.8 m.,2016/01/09,CM
,CHINA,Shanghai,,Shanghai Jiangqiao Wanda & IMAX,IMAX,IMAX,D,3D,Flat,379.0,39.2 x 70.0 ft./ 12.0 x 21.3 m.,2011/06/18,CM
,CHINA,Shanghai,,Shanghai Jinqiao The Mall SFC & IMAX,IMAX,IMAX,D,3D,Flat,,34.0 x 60.4 ft./ 10.4 x 18.4 m.,2017/01/31,CM
,CHINA,Shanghai,,Shanghai Jinshan Wanda & IMAX,IMAX,IMAX,D,3D,Flat,,39.7 x 70.2 ft./ 12.1 x 21.4 m.,2015/07/17,CM
,CHINA,Shanghai,,Shanghai Jiuting Bestar & IMAX,IMAX,IMAX,D,3D,Flat,,34.2 x 61.2 ft./ 10.4 x 18.7 m.,2016/12/23,CM
,CHINA,Shanghai,,Shanghai Longsheng Wanda & IMAX,IMAX,IMAX,D,3D,Flat,,35.7 x 64.9 ft./ 10.9 x 19.8 m.,2015/12/21,CM
,CHINA,Shanghai,,Shanghai Qibao Vanke CGV & IMAX,IMAX,IMAX,D,3D,Flat,,35.5 x 62.9 ft./ 10.8 x 19.2 m.,2016/11,CM
,CHINA,Shanghai,,Shanghai Songjiang Wanda & IMAX,IMAX,IMAX,D,3D,Flat,,41.4 x 73.5 ft./ 12.6 x 22.4 m.,2014/05/30,CM
,CHINA,Shanghai,,Shanghai Stellar IMAX Cinema,IMAX,IMAX,D,3D,Flat,453.0,45.6 x 80.1 ft./ 13.9 x 24.4 m.,2010/07/21,CM
,CHINA,Shanghai,,Shanghai Wanda 165,IMAX,IMAX,DL,3D,Flat,,44.2 x 76.8 ft./ 13.5 x 23.4 m.,2018/06/29,CM
,CHINA,Shanghai,,Shanghai Wanda International Cinema IMAX,IMAX,IMAX,D,3D,Flat,410.0,39.4 x 69.9 ft./ 12.0 x 21.3 m.,2010/08/06,CM
,CHINA,Shanghai,,Shanghai White Magnolia Plaza CGV & IMAX,IMAX,IMAX,D,3D,Flat,,42.7 x 74.1 ft./ 13.0 x 22.6 m.,2018/02/09,CM
,CHINA,Shanghai,,Shanghai Xuhui Greenland Binjiang SFC & IMAX,IMAX,IMAX,D,3D,Flat,,,2017/01/31,CM
,CHINA,Shanghai,,Shanghai Yaohan SFC Bailian & IMAX,IMAX,IMAX,D,3D,Flat,,23.0 x 45.9 ft./ 7.0 x 14.0 m.,2016/12/30,CM
,CHINA,Shanghai,,Shanghai Yonghua & IMAX,IMAX,IMAX,D,3D,Flat,,25.8 x 50.0 ft./ 7.9 x 15.2 m.,2014/12/18,CM
,CHINA,Shanghai,,Shanghai Zhoupu Wanda & IMAX,IMAX,IMAX,D,3D,Flat,315.0,34.1 x 61.8 ft./ 10.4 x 18.9 m.,2011/12/15,CM
,CHINA,Shanghai,,Wanda Shanghai Baoshan & IMAX,IMAX,IMAX,DL,3D,Flat,247.0,34.5 x 62.4 ft./ 10.5 x 19.0 m.,2012/06/21,CM
,CHINA,Shangqiu,,Shangqiu Wanda 273,IMAX,IMAX,D,3D,Flat,,36.0 x 64.7 ft./ 11.0 x 19.7 m.,2018/07/06,CM
,CHINA,Shangrao,,Shangrao Wanda & IMAX,IMAX,IMAX,D,3D,Flat,,41.7 x 73.2 ft./ 12.7 x 22.3 m.,2016/11/25,CM
,CHINA,Shantou,,Shantou Cinecity & IMAX,IMAX,IMAX,D,3D,Flat,,33.5 x 60.4 ft./ 10.2 x 18.4 m.,2016/02/06,CM
,CHINA,Shaoxing,,Shaoxing Keqiao Wanda & IMAX,IMAX,IMAX,D,3D,Flat,312.0,33.6 x 61.0 ft./ 10.2 x 18.6 m.,2011/10,CM
,CHINA,Shaoxing,,Shaoxing Lumiere & IMAX,IMAX,IMAX,D,3D,Flat,,37.4 x 68.5 ft./ 11.4 x 20.9 m.,2015/01/14,CM
,CHINA,Shaoxing,,Shaoxing Shangyu Wanda & IMAX,IMAX,IMAX,D,3D,Flat,,42.7 x 74.7 ft./ 13.0 x 22.8 m.,2016/11/25,CM
,CHINA,Shenyang,,CGV Shenyang Richgate & IMAX,IMAX,IMAX,D,3D,Flat,,41.1 x 73.0 ft./ 12.5 x 22.3 m.,2013/08/30,CM
,CHINA,Shenyang,,Jinyi Int'l Cinemas Shenyang Cloud Nine & IMAX,IMAX,IMAX,D,3D,Flat,423.0,41.1 x 73.0 ft./ 12.5 x 22.3 m.,2012/04/30,CM
,CHINA,Shenyang,,Liaoning Science & Technology Museum,IMAX,IMAX,DL2,3D,Flat,596.0,72.2 x 95.1 ft./ 22.0 x 29.0 m.,2015/01/18,N
,CHINA,Shenyang,,Shenyang Beiyi Wanda IMAX,IMAX,IMAX,D,3D,Flat,440.0,38.4 x 69.2 ft./ 11.7 x 21.1 m.,2012/08/31,CM
,CHINA,Shenyang,,Shenyang Olympic Wanda IMAX,IMAX,IMAX,D,3D,Flat,,38.1 x 68.1 ft./ 11.6 x 20.8 m.,2013/07/26,CM
,CHINA,Shenyang,,Shenyang Science Centrum,IWRK,IWRK,870,2D,Dome,260.0,75.4 ft./ 23.0 m.,2000/01,N
,CHINA,Shenyang,,Shenyang Tiexi Wanda & IMAX,IMAX,IMAX,D,3D,Flat,391.0,36.8 x 68.2 ft./ 11.2 x 20.8 m.,2011/11/08,CM
,CHINA,Shenzhen,,Shenzhen 9 Square Lumiere & IMAX,IMAX,IMAX,D,3D,Flat,,34.5 x 61.7 ft./ 10.5 x 18.8 m.,2016/01/22,CM
,CHINA,Shenzhen,,Shenzhen Centerville MH Mall OSGH & IMAX,IMAX,IMAX,D,3D,Flat,,39.0 x 69.9 ft./ 11.9 x 21.3 m.,2016/01/15,CM
,CHINA,Shenzhen,,Shenzhen Haiya Wanda & IMAX,IMAX,IMAX,D,3D,Flat,301.0,29.8 x 53.6 ft./ 9.1 x 16.3 m.,2012/12/08,CM
,CHINA,Shenzhen,,Shenzhen Henggang Wan Zhong & IMAX,IMAX,IMAX,D,3D,Flat,,31.6 x 56.8 ft./ 9.6 x 17.3 m.,2016/12/22,CM
,CHINA,Shenzhen,,Shenzhen Huigang Lumiere & IMAX,IMAX,IMAX,D,3D,Flat,,38.9 x 69.9 ft./ 11.9 x 21.3 m.,2017/01,CM
,CHINA,Shenzhen,,Shenzhen InJoy OSGH & IMAX,IMAX,IMAX,D,3D,Flat,,42.3 x 75.0 ft./ 12.9 x 22.9 m.,2016/08/29,CM
,CHINA,Shenzhen,,Shenzhen Kingkey Stellar & IMAX,IMAX,IMAX,D,3D,Flat,,36.6 x 65.9 ft./ 11.2 x 20.1 m.,2016/08/06,CM
,CHINA,Shenzhen,,Shenzhen New SKY,IMAX,IMAX,D,3D,Flat,,44.8 x 75.2 ft./ 13.7 x 22.9 m.,2018/08/17,CM
,CHINA,Shenzhen,,Shenzhen OCT Bay IMAX,IMAX,IMAX,D,3D,Flat,322.0,39.6 x 70.0 ft./ 12.1 x 21.3 m.,2011/12/24,CM
,CHINA,Shenzhen,,Shenzhen Upper Hill Emperor UA & IMAX,IMAX,IMAX,D,3D,Flat,,40.1 x 70.2 ft./ 12.2 x 21.4 m.,2018/02/08,CM
,CHINA,Shenzhen,,Shenzhen Wanda 315,IMAX,IMAX,D,3D,Flat,,34.2 x 61.7 ft./ 10.4 x 18.8 m.,2018/12/13,CM
,CHINA,Shenzhen,,Shenzhen Yifang City CGV & IMAX,IMAX,IMAX,D,3D,Flat,,37.3 x 66.7 ft./ 11.4 x 20.3 m.,2017/01/31,CM
,CHINA,Shenzhen,,UA KK Mall & IMAX,IMAX,IMAX,D,3D,Flat,356.0,,2010/11/20,CM
,CHINA,Shijiazhuang,,Shijiazhuang Wanda Plaza & IMAX,IMAX,IMAX,D,3D,Flat,398.0,39.2 x 70.0 ft./ 12.0 x 21.3 m.,2011/09/23,CM
,CHINA,Shishi,,Shishi Shimao Wanda & IMAX,IMAX,IMAX,D,3D,Flat,,,2016/09/09,CM
,CHINA,Shiyan,,Shiyan Wanda & IMAX,IMAX,IMAX,D,3D,Flat,,39.2 x 69.4 ft./ 12.0 x 21.2 m.,2016/08/05,CM
,CHINA,Shizuishan,,Shizuishan Wanda 262,IMAX,IMAX,D,3D,Flat,,36.1 x 64.8 ft./ 11.0 x 19.8 m.,2018/07/06,CM
,CHINA,Siping,,Siping Ego Industrial Park Wanda,IMAX,IMAX,D,3D,Flat,,44.9 x 77.8 ft./ 13.7 x 23.7 m.,2018,CM
,CHINA,Siping,,Siping Wanda & IMAX,IMAX,IMAX,D,3D,Flat,,43.0 x 75.3 ft./ 13.1 x 23.0 m.,2016/06/29,CM
,CHINA,Suihua,,Suihua Wanda & IMAX,IMAX,IMAX,D,3D,Flat,,35.1 x 63.3 ft./ 10.7 x 19.3 m.,2018/10,CM
,CHINA,Suining,,Suining Wanda & IMAX,IMAX,IMAX,D,3D,Flat,,38.7 x 69.0 ft./ 11.8 x 21.0 m.,2016/10/21,CM
,CHINA,Suzhou,,Jinyi Suzhou Yixiangcheng IMAX,IMAX,IMAX,D,3D,Flat,342.0,38.1 x 66.7 ft./ 11.6 x 20.3 m.,2012/04/28,CM
,CHINA,Suzhou,,Suzhou AEON Jinyi & IMAX,IMAX,IMAX,D,3D,Flat,,37.2 x 67.0 ft./ 11.3 x 20.4 m.,2016/10/21,CM
,CHINA,Suzhou,,Suzhou Culture & Arts Centre IMAX,IMAX,IMAX,D,3D,Flat,,,2007/12/13,N
,CHINA,Suzhou,,Suzhou Emerald City Omnijoi & IMAX,IMAX,IMAX,D,3D,Flat,,42.1 x 73.8 ft./ 12.8 x 22.5 m.,2015,CM
,CHINA,Suzhou,,Suzhou Eudemonia Blue Ocean IMAX,IMAX,IMAX,D,3D,Flat,398.0,45.5 x 78.7 ft./ 13.9 x 24.0 m.,2011/12/15,CM
,CHINA,Suzhou,,Suzhou Pingjiang Wanda & IMAX,IMAX,IMAX,D,3D,Flat,342.0,35.6 x 64.3 ft./ 10.9 x 19.6 m.,2011/11/09,CM
,CHINA,Suzhou,,Suzhou Wanda & IMAX,IMAX,IMAX,D,3D,Flat,,39.4 x 70.0 ft./ 12.0 x 21.3 m.,2016/12/02,CM
,CHINA,Suzhou,,Suzhou Wanda 316,IMAX,IMAX,D,3D,Flat,,30.2 x 54.2 ft./ 9.2 x 16.5 m.,2018/12/13,CM
,CHINA,Suzhou,,Suzhou Wuzhong Wanda & IMAX,IMAX,IMAX,D,3D,Flat,,38.7 x 69.1 ft./ 11.8 x 21.1 m.,2015/11/12,CM
,CHINA,Taian,,Taian Wanda & IMAX,IMAX,IMAX,D,3D,Flat,,37.3 x 66.7 ft./ 11.4 x 20.3 m.,2015/08/21,CM
,CHINA,Taicang,,Taicang Wanda & IMAX,IMAX,IMAX,D,3D,Flat,364.0,38.0 x 67.9 ft./ 11.6 x 20.7 m.,2012/12/07,CM
,CHINA,Taiyuan,,Taiyuan Bona Int'l Cineplex & IMAX,IMAX,IMAX,D,3D,Flat,,38.1 x 66.8 ft./ 11.6 x 20.4 m.,2015/06/20,CM
,CHINA,Taiyuan,,Taiyuan Wanda & IMAX,IMAX,IMAX,DL,3D,Flat,,46.1 x 80.0 ft./ 14.1 x 24.4 m.,2015/10,CM
,CHINA,Taizhou,,Taizhou Jingkai Wanda & IMAX,IMAX,IMAX,D,3D,Flat,,38.5 x 68.7 ft./ 11.7 x 20.9 m.,2016/06/08,CM
,CHINA,Taizhou,,Taizhou Wanda Plaza & IMAX,IMAX,IMAX,D,3D,Flat,317.0,36.5 x 65.6 ft./ 11.1 x 20.0 m.,2011/12/15,CM
,CHINA,Taizhou,,Taizhou Zhongsheng Wanda & IMAX,IMAX,IMAX,D,3D,Flat,,40.0 x 73.1 ft./ 12.2 x 22.3 m.,2016/11/13,CM
,CHINA,Tangshan,,Tangshan Wanda & IMAX,IMAX,IMAX,D,3D,Flat,355.0,39.3 x 70.0 ft./ 12.0 x 21.3 m.,2011/12/23,CM
,CHINA,TBD,,Wanda 285,IMAX,IMAX,D,3D,Flat,,36.3 x 65.3 ft./ 11.1 x 19.9 m.,2018/12/13,CM
,CHINA,Tianjin,,CGV Xingxing & IMAX,IMAX,IMAX,D,3D,Flat,374.0,28.5 x 54.0 ft./ 8.7 x 16.5 m.,2011/12/15,CM
,CHINA,Tianjin,,CGV Yujiabu & IMAX,IMAX,IMAX,D,3D,Flat,,45.4 x 78.4 ft./ 13.8 x 23.9 m.,2015/12,CM
,CHINA,Tianjin,,"IMAX, China Film Cinema",IMAX,IMAX,D,3D,Flat,377.0,39.7 x 69.9 ft./ 12.1 x 21.3 m.,2010/01/04,CM
,CHINA,Tianjin,,Tianjin Dagang Jinyi & IMAX,IMAX,IMAX,D,3D,Flat,,34.5 x 61.6 ft./ 10.5 x 18.8 m.,2016/12/21,CM
,CHINA,Tianjin,,Tianjin Hedong Wanda & IMAX,IMAX,IMAX,D,3D,Flat,395.0,40.5 x 72.0 ft./ 12.3 x 22.0 m.,2011/11/08,CM
,CHINA,Tianjin,,Tianjin Jinyi Joy City & IMAX,IMAX,IMAX,D,3D,Flat,500.0,39.7 x 72.0 ft./ 12.1 x 22.0 m.,2012/08/24,CM
,CHINA,Tianjin,,Tianjin Nongken Bona Cinema & IMAX,IMAX,IMAX,D,3D,Flat,406.0,36.7 x 67.4 ft./ 11.2 x 20.6 m.,2012/09/29,CM
,CHINA,Tianjin,,Tianjin Orange Sky Galaxy & IMAX,IMAX,IMAX,D,3D,Flat,357.0,42.1 x 74.0 ft./ 12.8 x 22.6 m.,2012/10/25,CM
,CHINA,Tianjin,,Tianjin Science & Technology Museum,ES,ES,D,2D,Dome,300.0,75.4 ft./ 23.0 m.,1992,N
,CHINA,Tianjin,,Tianjin Shehuishan Wanda & IMAX,IMAX,IMAX,D,3D,Flat,,32.2 x 58.1 ft./ 9.8 x 17.7 m.,2018/01/05,CM
,CHINA,Tianjin,,Tianjin Teemall SFC & IMAX,IMAX,IMAX,D,3D,Flat,,34.4 x 62.0 ft./ 10.5 x 18.9 m.,2017/06/26,CM
,CHINA,Tongliao,,Tongliao Wanda & IMAX,IMAX,IMAX,D,3D,Flat,,45.5 x 78.9 ft./ 13.9 x 24.1 m.,2016/07/22,CM
,CHINA,Tongling,,Tongling Wanda & IMAX,IMAX,IMAX,D,3D,Flat,,35.1 x 63.1 ft./ 10.7 x 19.2 m.,2017/11/10,CM
,CHINA,Urumqi,,Urumqi Gaoxin Wanda 319,IMAX,IMAX,D,3D,Flat,,34.3 x 62.0 ft./ 10.5 x 18.9 m.,2018/09/21,CM
,CHINA,Urumqi,,Urumqi Wanda & IMAX,IMAX,IMAX,D,3D,Flat,,37.2 x 66.6 ft./ 11.3 x 20.3 m.,2016/08/12,CM
,CHINA,Urumqi,,Urumqi Wanda 196,IMAX,IMAX,D,3D,Flat,,34.4 x 61.4 ft./ 10.5 x 18.7 m.,2018/02,CM
,CHINA,Weifang,,Weifang Shouguang Wanda & IMAX,IMAX,IMAX,D,3D,Flat,,34.4 x 62.3 ft./ 10.5 x 19.0 m.,2018,CM
,CHINA,Weifang,,Weifang Wanda & IMAX,IMAX,IMAX,D,3D,Flat,,38.7 x 69.1 ft./ 11.8 x 21.1 m.,2014/05/23,CM
,CHINA,Weinan,,Weinan Wanda & IMAX,IMAX,IMAX,D,3D,Flat,,38.0 x 67.9 ft./ 11.6 x 20.7 m.,2015/08/07,CM
,CHINA,Wenzhou,,Wenzhou 5050 Shopping Mall Bona,IMAX,IMAX,D,3D,Flat,,36.3 x 65.3 ft./ 11.1 x 19.9 m.,2018/11/16,CM
,CHINA,Wenzhou,,Wenzhou Longwan Wanda & IMAX,IMAX,IMAX,D,3D,Flat,390.0,38.4 x 68.4 ft./ 11.7 x 20.9 m.,2012/11/30,CM
,CHINA,Wenzhou,,Wenzhou MixC Lumiere & IMAX,IMAX,IMAX,D,3D,Flat,,43.1 x 75.3 ft./ 13.1 x 23.0 m.,2016/05/06,CM
,CHINA,Wenzhou,,Wenzhou Pingyang Wanda & IMAX,IMAX,IMAX,D,3D,Flat,,38.5 x 66.1 ft./ 11.7 x 20.2 m.,2014/12/06,CM
,CHINA,Wenzhou,,Wenzhou Wanda 307,IMAX,IMAX,D,3D,Flat,,37.4 x 67.3 ft./ 11.4 x 20.5 m.,2018/12/13,CM
,CHINA,Wuhai,,Wuhai Wanda & IMAX,IMAX,IMAX,D,3D,Flat,,37.0 x 66.2 ft./ 11.3 x 20.2 m.,2016/06/26,CM
,CHINA,Wuhan,,Wuhan Aeon Jinqiao CGV & IMAX,IMAX,IMAX,D,3D,Flat,,40.8 x 71.9 ft./ 12.4 x 21.9 m.,2017/12/07,CM
,CHINA,Wuhan,,Wuhan Bona Int'l & IMAX,IMAX,IMAX,D,3D,Flat,,39.8 x 70.9 ft./ 12.1 x 21.6 m.,2016/02/08,CM
,CHINA,Wuhan,,Wuhan CGV & IMAX,IMAX,IMAX,D,3D,Flat,,42.8 x 75.2 ft./ 13.0 x 22.9 m.,2013/11/19,CM
,CHINA,Wuhan,,Wuhan Guanggu CGV & IMAX,IMAX,IMAX,D,3D,Flat,,37.5 x 67.1 ft./ 11.4 x 20.5 m.,2014/09/29,CM
,CHINA,Wuhan,,Wuhan Huiju Jinyi & IMAX,IMAX,IMAX,D,3D,Flat,,34.1 x 61.0 ft./ 10.4 x 18.6 m.,2015/05/07,CM
,CHINA,Wuhan,,Wuhan Jingkai Wanda Cinemas & IMAX,IMAX,IMAX,D,3D,Flat,264.0,33.0 x 59.7 ft./ 10.1 x 18.2 m.,2011/08/27,CM
,CHINA,Wuhan,,Wuhan Jinyi Cinema & IMAX,IMAX,IMAX,D,3D,Flat,301.0,29.9 x 54.4 ft./ 9.1 x 16.6 m.,2012/12/20,CM
,CHINA,Wuhan,,Wuhan Lingjiaohu Wanda & IMAX,IMAX,IMAX,D,3D,Flat,,35.1 x 63.2 ft./ 10.7 x 19.3 m.,2013/03/26,CM
,CHINA,Wuhan,,Wuhan Optic Valley Huayi Bros,IMAX,IMAX,D,3D,Flat,,35.1 x 65.1 ft./ 10.7 x 19.8 m.,2015/07/11,CM
,CHINA,Wuhan,,Wuhan Renxin Broadway & IMAX,IMAX,IMAX,D,3D,Flat,,39.7 x 69.9 ft./ 12.1 x 21.3 m.,2014/05/04,CM
,CHINA,Wuhu,,Wuhu Huaqiang Wanda & IMAX,IMAX,IMAX,D,3D,Flat,,37.2 x 66.6 ft./ 11.3 x 20.3 m.,2016/12/21,CM
,CHINA,Wuhu,,Wuhu Jinghu Wanda & IMAX,IMAX,IMAX,D,3D,Flat,358.0,38.4 x 70.1 ft./ 11.7 x 21.4 m.,2012/09/07,CM
,CHINA,Wuhu,,Wuhu Urumuqi Dehui Wanda Plaza 198,IMAX,IMAX,D,3D,Flat,,35.8 x 65.0 ft./ 10.9 x 19.8 m.,2018/12/13,CM
,CHINA,Wuwei,,Wuwei Wanda & IMAX,IMAX,IMAX,D,3D,Flat,,35.4 x 63.8 ft./ 10.8 x 19.5 m.,2018/10/28,CM
,CHINA,Wuxi,,Wuxi Big World IMAX Cineplex,IMAX,IMAX,D,3D,Flat,378.0,34.8 x 62.7 ft./ 10.6 x 19.1 m.,2010/01/04,CM
,CHINA,Wuxi,,Wuxi Guangmei Jinyi & IMAX,IMAX,IMAX,D,3D,Flat,,40.5 x 71.3 ft./ 12.3 x 21.7 m.,2014/12/18,CM
,CHINA,Wuxi,,Wuxi Huishan Wanda & IMAX,IMAX,IMAX,D,3D,Flat,,42.1 x 74.3 ft./ 12.8 x 22.7 m.,2013/06/21,CM
,CHINA,Wuxi,,Wuxi Mix City OSGH & IMAX,IMAX,IMAX,D,3D,Flat,,37.7 x 67.9 ft./ 11.5 x 20.7 m.,2014/12/20,CM
,CHINA,Wuxi,,Wuxi Shenan CGV & IMAX,IMAX,IMAX,D,3D,Flat,,42.5 x 74.7 ft./ 13.0 x 22.8 m.,2015/07/03,CM
,CHINA,Wuxi,,Wuxi Wanda Square & IMAX,IMAX,IMAX,D,3D,Flat,,39.3 x 70.0 ft./ 12.0 x 21.3 m.,2013/01/11,CM
,CHINA,Wuzhong,,Wuzhong Wanda 295,IMAX,IMAX,D,3D,Flat,,35.3 x 63.6 ft./ 10.8 x 19.4 m.,2018/06/15,CM
,CHINA,Xi’an,,Xi'an CGV & IMAX,IMAX,IMAX,D,3D,Flat,,37.9 x 68.2 ft./ 11.6 x 20.8 m.,2015/09/30,CM
,CHINA,Xiamen,,Xiamen Huli Wanda & IMAX,IMAX,IMAX,D,3D,Flat,295.0,33.0 x 59.8 ft./ 10.1 x 18.2 m.,2011/09/09,CM
,CHINA,Xiamen,,Xiamen Jimei Wanda & IMAX,IMAX,IMAX,D,3D,Flat,,39.3 x 72.6 ft./ 12.0 x 22.1 m.,2013/06/08,CM
,CHINA,Xiamen,,Xiamen Jinyi Int'l & IMAX,IMAX,IMAX,D,3D,Flat,,39.9 x 73.0 ft./ 12.2 x 22.3 m.,2014/04/16,CM
,CHINA,Xiamen,,Xiamen Shimao Wanda & IMAX,IMAX,IMAX,D,3D,Flat,,38.8 x 69.4 ft./ 11.8 x 21.2 m.,2016/07/31,CM
,CHINA,Xi'An,,Xi'an Daminggong Wanda & IMAX,IMAX,IMAX,D,3D,Flat,,36.9 x 67.6 ft./ 11.3 x 20.6 m.,2013/11/22,CM
,CHINA,Xi'An,,Xi'an Jiefang Road Wanda Plaza & IMAX,IMAX,IMAX,D,3D,Flat,367.0,35.8 x 65.0 ft./ 10.9 x 19.8 m.,2011/11/08,CM
,CHINA,Xi'an,,Xi'an Laochenggen Cando & IMAX,IMAX,IMAX,D,3D,Flat,,46.2 x 80.0 ft./ 14.1 x 24.4 m.,2016/11/16,CM
,CHINA,Xi'an,,Xi'An Longcheng Mingyuan Wanda,IMAX,IMAX,D,3D,Flat,,39.1 x 69.2 ft./ 11.9 x 21.1 m.,2017,CM
,CHINA,Xi'an,,Xian Qujiang Creative Circle,IMAX,IMAX,D,3D,Flat,,34.0 x 60.7 ft./ 10.4 x 18.5 m.,2018/12/30,CM
,CHINA,Xiangtan,,Xiangtan Hengdian & IMAX,IMAX,IMAX,D,3D,Flat,,36.8 x 65.2 ft./ 11.2 x 19.9 m.,2016/08/20,CM
,CHINA,Xiangtan,,Xiangtan Wanda & IMAX,IMAX,IMAX,D,3D,Flat,,38.8 x 69.2 ft./ 11.8 x 21.1 m.,2016/06/08,CM
,CHINA,Xiangyang,,Xiangyang Wanda & IMAX,IMAX,IMAX,D,3D,Flat,331.0,34.1 x 61.8 ft./ 10.4 x 18.8 m.,2011/11/08,CM
,CHINA,Xingtai,,Xingtai Wanda 325,IMAX,IMAX,D,3D,Flat,,33.7 x 60.8 ft./ 10.3 x 18.5 m.,2018/11/02,CM
,CHINA,Xining,,Xining Haihu Wanda & IMAX,IMAX,IMAX,D,3D,Flat,,42.3 x 74.2 ft./ 12.9 x 22.6 m.,2016/07/29,CM
,CHINA,Xining,,Xining ZFY Times Square Wanda,IMAX,IMAX,D,3D,Flat,,42.8 x 74.5 ft./ 13.0 x 22.7 m.,2017,CM
,CHINA,Xinxiang,,Xinxiang Muye Wanda & IMAX,IMAX,IMAX,D,3D,Flat,,,2017,CM
,CHINA,Xishuangbanna,,Xishuangbanna Wanda & IMAX,IMAX,IMAX,D,3D,Flat,,29.6 x 53.6 ft./ 9.0 x 16.3 m.,2015/09/26,CM
,CHINA,Xuancheng,,Xuancheng Wanda 261,IMAX,IMAX,D,3D,Flat,,38.7 x 69.1 ft./ 11.8 x 21.1 m.,2018/06/29,CM
,CHINA,Xuzhou,,Xuzhou Tongshan Wanda & IMAX,IMAX,IMAX,D,3D,Flat,,38.2 x 68.2 ft./ 11.6 x 20.8 m.,2016/10/28,CM
,CHINA,Xuzhou,,Xuzhou Yunlong Wanda & IMAX,IMAX,IMAX,D,3D,Flat,,36.7 x 67.6 ft./ 11.2 x 20.6 m.,2013/12/06,CM
,CHINA,Ya'an,,Ya'an Wanda & IMAX,IMAX,IMAX,D,3D,Flat,,35.9 x 64.5 ft./ 10.9 x 19.7 m.,2017/07/21,CM
,CHINA,Yancheng,,Yancheng CGV & IMAX,IMAX,IMAX,D,3D,Flat,,39.0 x 69.6 ft./ 11.9 x 21.2 m.,2014/11/14,CM
,CHINA,Yancheng,,Yancheng Wanda & IMAX,IMAX,IMAX,D,3D,Flat,,36.1 x 65.0 ft./ 11.0 x 19.8 m.,2017/06/23,CM
,CHINA,Yangzhou,,Yangzhou Omnijoi & IMAX,IMAX,IMAX,D,3D,Flat,,41.2 x 74.1 ft./ 12.6 x 22.6 m.,2014/12/24,CM
,CHINA,Yangzhou,,Yangzhou Sifang & IMAX,IMAX,IMAX,D,3D,Flat,,39.0 x 68.4 ft./ 11.9 x 20.9 m.,2016/02/04,CM
,CHINA,Yanji,,Yanji Wanda & IMAX,IMAX,IMAX,D,3D,Flat,,39.5 x 70.0 ft./ 12.0 x 21.3 m.,2016/09/09,CM
,CHINA,Yantai,,Yantai Changjiang Road CGV & IMAX,IMAX,IMAX,D,3D,Flat,,38.9 x 69.1 ft./ 11.9 x 21.1 m.,2016/05/14,CM
,CHINA,Yantai,,Yantai Omnijoi & IMAX,IMAX,IMAX,D,3D,Flat,,37.0 x 66.3 ft./ 11.3 x 20.2 m.,2014/09/27,CM
,CHINA,Yantai,,Yantai Zhifu Wanda & IMAX,IMAX,IMAX,D,3D,Flat,,37.9 x 67.1 ft./ 11.6 x 20.5 m.,2014/11/21,CM
,CHINA,Yibin,,Yibin Wanda & IMAX,IMAX,IMAX,D,3D,Flat,,35.3 x 63.6 ft./ 10.8 x 19.4 m.,2018,CM
,CHINA,Yichang,,Yichang Guomao Center CGV,IMAX,IMAX,D,3D,Flat,,36.1 x 64.0 ft./ 11.0 x 19.5 m.,2018/12/13,CM
,CHINA,Yichang,,Yichang Wanda & IMAX,IMAX,IMAX,D,3D,Flat,319.0,37.9 x 67.8 ft./ 11.6 x 20.7 m.,2011/10/04,CM
,CHINA,Yichun,,Yichun Wanda & IMAX,IMAX,IMAX,D,3D,Flat,,37.4 x 67.0 ft./ 11.4 x 20.4 m.,2016/10/21,CM
,CHINA,Yinchuan,,Yinchuan Jinfeng Wanda & IMAX,IMAX,IMAX,D,3D,Flat,312.0,35.1 x 63.5 ft./ 10.7 x 19.4 m.,2011/09/09,CM
,CHINA,Yinchuan,,Yinchuan Xixia Wanda & IMAX,IMAX,IMAX,D,3D,Flat,,38.7 x 68.6 ft./ 11.8 x 20.9 m.,2014/07/18,CM
,CHINA,Yingkou,,Yingkou Bayuquan Wanda & IMAX,IMAX,IMAX,D,3D,Flat,,41.4 x 72.8 ft./ 12.6 x 22.2 m.,2016/11/19,CM
,CHINA,Yingkou,,Yingkou Wanda & IMAX,IMAX,IMAX,D,3D,Flat,,37.6 x 67.4 ft./ 11.5 x 20.5 m.,2015/06/19,CM
,CHINA,Yiwu,,Yiwu Lifestyle Centre Poly & IMAX,IMAX,IMAX,D,3D,Flat,,45.4 x 78.4 ft./ 13.8 x 23.9 m.,2017/08/11,CM
,CHINA,Yiwu,,Yiwu SFC Xcinema & IMAX,IMAX,IMAX,D,3D,Flat,,40.9 x 72.2 ft./ 12.5 x 22.0 m.,2017/04/14,CM
,CHINA,Yiwu,,Yiwu Wanda & IMAX,IMAX,IMAX,D,3D,Flat,,47.3 x 81.4 ft./ 14.4 x 24.8 m.,2016/08/26,CM
,CHINA,Yixing,,Yixing Wanda & IMAX,IMAX,IMAX,D,3D,Flat,,37.1 x 66.6 ft./ 11.3 x 20.3 m.,2013/05/31,CM
,CHINA,Yiyang,,Yiyang Wanda & IMAX,IMAX,IMAX,D,3D,Flat,,38.2 x 67.2 ft./ 11.6 x 20.5 m.,2017/06/23,CM
,CHINA,Yueyang,,Yueyang BBG CGV & IMAX,IMAX,IMAX,D,3D,Flat,,34.8 x 62.2 ft./ 10.6 x 19.0 m.,2019/01/31,CM
,CHINA,Yulin,,Yulin Wanda & IMAX,IMAX,IMAX,D,3D,Flat,,35.9 x 64.6 ft./ 10.9 x 19.7 m.,2018,CM
,CHINA,Yuncheng,,Yuncheng Wanda & IMAX,IMAX,IMAX,D,3D,Flat,,37.6 x 67.3 ft./ 11.5 x 20.5 m.,2018,CM
,CHINA,Zaozhuang,,Zaozhuang Wanda & IMAX,IMAX,IMAX,D,3D,Flat,,34.6 x 62.2 ft./ 10.5 x 19.0 m.,2017/06/23,CM
,CHINA,Zhangjiagang,,Zhangjiagang Omnijoi & IMAX,IMAX,IMAX,D,3D,Flat,,46.2 x 80.1 ft./ 14.1 x 24.4 m.,2014/10/25,CM
,CHINA,Zhangjiagang,,Zhangjiagang Wanda & IMAX,IMAX,IMAX,D,3D,Flat,,36.9 x 66.6 ft./ 11.3 x 20.3 m.,2018,CM
,CHINA,Zhangzhou,,Zhangzhou Taishangqu Wanda & IMAX,IMAX,IMAX,D,3D,Flat,,38.7 x 69.0 ft./ 11.8 x 21.0 m.,2016,CM
,CHINA,Zhangzhou,,Zhangzhou Wanda & IMAX,IMAX,IMAX,D,3D,Flat,345.0,37.2 x 66.6 ft./ 11.3 x 20.3 m.,2012/10/26,CM
,CHINA,Zhanjiang,,Zhanjang China Film Stellar & IMAX,IMAX,IMAX,D,3D,Flat,,38.6 x 69.5 ft./ 11.8 x 21.2 m.,2014/12/20,CM
,CHINA,Zhanjiang,,Zhanjiang Wanda & IMAX,IMAX,IMAX,D,3D,Flat,,43.0 x 75.3 ft./ 13.1 x 23.0 m.,2016/06/25,CM
,CHINA,Zhengzhou,,Zhengzhou David City CGV & IMAX,IMAX,IMAX,D,3D,Flat,,,2015/12/24,CM
,CHINA,Zhengzhou,,Zhengzhou Gaoxin CGV & IMAX,IMAX,IMAX,D,3D,Flat,,44.1 x 76.4 ft./ 13.4 x 23.3 m.,2016/12/06,CM
,CHINA,Zhengzhou,,Zhengzhou Grand Emporium CGV & IMAX,IMAX,IMAX,D,3D,Flat,,42.8 x 74.5 ft./ 13.0 x 22.7 m.,2018,CM
,CHINA,Zhengzhou,,Zhengzhou Huiji Wanda & IMAX,IMAX,IMAX,D,3D,Flat,,40.1 x 70.9 ft./ 12.2 x 21.6 m.,2016/11/18,CM
,CHINA,Zhengzhou,,Zhengzhou Wanda Erqi Store & IMAX,IMAX,IMAX,D,3D,Flat,435.0,38.4 x 70.0 ft./ 11.7 x 21.3 m.,2012/10/13,CM
,CHINA,Zhengzhou,,Zhengzhou Zhongyuan Wanda & IMAX,IMAX,IMAX,D,3D,Flat,330.0,38.6 x 68.9 ft./ 11.8 x 21.0 m.,2011/11/08,CM
,CHINA,Zhenjiang,,Zhenjiang Wanda Plaza & IMAX,IMAX,IMAX,D,3D,Flat,242.0,28.6 x 51.2 ft./ 8.7 x 15.6 m.,2011/08/12,CM
,CHINA,Zhongshan,,Zhongshan CJ CGV Cinema & IMAX,IMAX,IMAX,D,3D,Flat,,35.6 x 64.5 ft./ 10.9 x 19.7 m.,2013/06/28,CM
,CHINA,Zhongshan,,Zhongshan Xiaolan Stellar & IMAX,IMAX,IMAX,D,3D,Flat,,43.1 x 76.3 ft./ 13.1 x 23.3 m.,2016/03/19,CM
,CHINA,Zhuhai,,Zhuhai Omnijoi & IMAX,IMAX,IMAX,D,3D,Flat,,31.7 x 55.7 ft./ 9.7 x 17.0 m.,2015/02/19,CM
,CHINA,Zhuji,,Zhuji Wanda & IMAX,IMAX,IMAX,D,3D,Flat,,38.1 x 67.9 ft./ 11.6 x 20.7 m.,2017/07/27,CM
,CHINA,Zigong,,Zigong Seewell & IMAX Nanhu,IMAX,IMAX,D,3D,Flat,,40.5 x 72.5 ft./ 12.3 x 22.1 m.,2015/07/16,CM
,CHINA,Ziyang,,Ziyang Wanda & IMAX,IMAX,IMAX,D,3D,Flat,,36.7 x 66.0 ft./ 11.2 x 20.1 m.,2016/06/17,CM
,CHINA,Tongling,AH,Tongling Wanda & IMAX,IMAX,IMAX,D,3D,Flat,,33.1 x 60.9 ft./ 10.1 x 18.6 m.,2014/12/02,CM
,CHINA,Anqing,Anhui,Anqing InJoy Bestar & IMAX,IMAX,IMAX,D,3D,Flat,,33.0 x 60.2 ft./ 10.1 x 18.4 m.,2016/12/23,CM
,CHINA,Fuyang,Anhui,Fuyang Oriental Giant Screen & IMAX,IMAX,IMAX,D,3D,Flat,,37.9 x 67.7 ft./ 11.6 x 20.6 m.,2017/02/10,CM
,CHINA,Huaibei,Anhui,Huaibei Jinyi & IMAX,IMAX,IMAX,D,3D,Flat,,36.3 x 65.6 ft./ 11.1 x 20.0 m.,2016/12/24,CM
,CHINA,Huainan,Anhui,Huainan Injoy Bestar & IMAX,IMAX,IMAX,D,3D,Flat,,44.2 x 76.9 ft./ 13.5 x 23.4 m.,2018/08/31,CM
,CHINA,Huangshan,Anhui,Huangshan Liyang Jinyi & IMAX,IMAX,IMAX,D,3D,Flat,,36.1 x 64.4 ft./ 11.0 x 19.6 m.,2017/01/24,CM
,CHINA,Wuhu,Anhui,Wuhu Omnijoi & IMAX,IMAX,IMAX,D,3D,Flat,,45.2 x 78.4 ft./ 13.8 x 23.9 m.,2017/01/28,CM
,CHINA,Chongqing,Chong Qing,Chongqing Guanyinqiao CGV & IMAX,IMAX,IMAX,D,3D,Flat,,39.0 x 69.1 ft./ 11.9 x 21.1 m.,2017/06/23,CM
,CHINA,Chongqing,Chong Qing,Chongqing Hometown CGV & IMAX,IMAX,IMAX,D,3D,Flat,,38.9 x 68.4 ft./ 11.9 x 20.9 m.,2017/06/16,CM
,CHINA,Chongqing,Chong Qing,Chongqing Wanying,IMAX,IMAX,DL,3D,Flat,,,2018/09/15,CM
,CHINA,Dongguan,Dongguan,Dongguan Wanda & IMAX,IMAX,IMAX,DL2,3D,Flat,561.0,71.9 x 93.8 ft./ 21.9 x 28.6 m.,2007/08/11,CM
,CHINA,Jinjiang,Fujian,Jinjiang Injoy Bestar & IMAX,IMAX,IMAX,D,3D,Flat,,33.7 x 60.0 ft./ 10.3 x 18.3 m.,2017/12/22,CM
,CHINA,Quanzhou,Fujian,Quanzhou Donghai Tahoe & IMAX,IMAX,IMAX,D,3D,Flat,,40.2 x 70.5 ft./ 12.3 x 21.5 m.,2017/09/26,CM
,CHINA,Xiamen,Fujian,Xiamen OneMall Lumiere & IMAX,IMAX,IMAX,D,3D,Flat,,42.3 x 73.8 ft./ 12.9 x 22.5 m.,2018/09/30,CM
,CHINA,Zhangzhou,Fujian,Zhangzhou Red Star Macalline Jinyi,IMAX,IMAX,D,3D,Flat,,31.8 x 57.6 ft./ 9.7 x 17.6 m.,2018/10/03,CM
,CHINA,Lanzhou,Gansu,Lanzhou Centre Space Station & IMAX,IMAX,IMAX,DL,3D,Flat,,37.4 x 66.9 ft./ 11.4 x 20.4 m.,2018/12/28,CM
,CHINA,Dongguan,Guangdong,Dongguan Science & Technology Museum,IMAX,IMAX,1570,2D,Dome,276.0,75.5 ft./ 23.0 m.,2006/01/29,N
,CHINA,Foshan,Guangdong,Foshan Shunde Metro-Mall Jinyi,IMAX,IMAX,D,3D,Flat,,44.8 x 78.3 ft./ 13.7 x 23.9 m.,2018/12/30,CM
,CHINA,Guangzhou,Guangdong,Guangzhou Lisheng Plaza,IMAX,IMAX,D,3D,Flat,,34.9 x 60.4 ft./ 10.6 x 18.4 m.,2018/12/13,CM
,CHINA,Guangzhou,Guangdong,Guangzhou New Park Mei Ah & IMAX,IMAX,IMAX,DL,3D,Flat,,40.4 x 71.0 ft./ 12.3 x 21.6 m.,2018/12/13,CM
,CHINA,Guangzhou,Guangdong,Guangzhou Panyu Dashi Jinyi & IMAX,IMAX,IMAX,D,3D,Flat,,38.4 x 68.0 ft./ 11.7 x 20.7 m.,2017/04/08,CM
,CHINA,Guangzhou,Guangdong,Guangzhou Paso Jinyi & IMAX,IMAX,IMAX,D,3D,Flat,,37.2 x 67.1 ft./ 11.3 x 20.5 m.,2018,CM
,CHINA,Guangzhou,Guangdong,Guangzhou System2 Jiedeng City,IMAX,IMAX,D,3D,Flat,,33.8 x 61.4 ft./ 10.3 x 18.7 m.,2018/05/18,CM
,CHINA,Shenzhen,Guangdong,Broadway Shenzhen MixC World,IMAX,IMAX,D,3D,Flat,,43.1 x 76.7 ft./ 13.1 x 23.4 m.,2017/10/28,CM
,CHINA,Shenzhen,Guangdong,Shenzhen China Resources Land Co.,IMAX,IMAX,D,3D,Flat,,36.2 x 65.0 ft./ 11.0 x 19.8 m.,2018/04/26,CM
,CHINA,Shenzhen,Guangdong,Shenzhen Galaxy World Coco,IMAX,IMAX,D,3D,Flat,,31.4 x 56.4 ft./ 9.6 x 17.2 m.,2018/11/09,CM
,CHINA,Shenzhen,Guangdong,Shenzhen Liuhe City Yitian Holiday Plaza,IMAX,IMAX,D,3D,Flat,,36.8 x 65.9 ft./ 11.2 x 20.1 m.,2018/02/06,CM
,CHINA,Shenzhen,Guangdong,Shenzhen Longgang Bona 11,IMAX,IMAX,D,3D,Flat,,38.6 x 69.6 ft./ 11.8 x 21.2 m.,2018/02/03,CM
,CHINA,Zhanjiang,Guangdong,Zhanjiang Chikan Jinyi & IMAX,IMAX,IMAX,D,3D,Flat,,30.8 x 55.7 ft./ 9.4 x 17.0 m.,2017/08/06,CM
,CHINA,Zhongshan,Guangdong,Zhongshan Guzhen Lihe Bona & IMAX,IMAX,IMAX,D,3D,Flat,,34.4 x 62.5 ft./ 10.5 x 19.1 m.,2017/12/16,CM
,CHINA,Zhongshan,Guangdong,Zhongshan Sino Ocean Jinyi & IMAX,IMAX,IMAX,D,3D,Flat,,44.0 x 77.8 ft./ 13.4 x 23.7 m.,2017/01/22,CM
,CHINA,Liuzhou,Guangxi,Liuzhou MixC Jinyi & IMAX,IMAX,IMAX,D,3D,Flat,,44.0 x 76.3 ft./ 13.4 x 23.3 m.,2018/09/30,CM
,CHINA,Yulin,Guangxi,Yulin Jinsheng Cultural Diffusion,IMAX,IMAX,D,3D,Flat,,35.5 x 64.0 ft./ 10.8 x 19.5 m.,2018/12/13,CM
,CHINA,Guiyang,Guizhou,Guiyang The Future Ark Cross & IMAX,IMAX,IMAX,D,3D,Flat,,57.6 x 102.7 ft./ 17.6 x 31.3 m.,2018/09/30,CM
,CHINA,Langfang,Hebei,Langfang Yanjiao HBC & IMAX,IMAX,IMAX,D,3D,Flat,,28.3 x 51.3 ft./ 8.6 x 15.6 m.,2017/12/22,CM
,CHINA,Shijiazhuang,Hebei,Hebei Science and Technology Museum,GOTO,GOTO,1070,2D,Dome,315.0,76.0 ft./ 23.2 m.,2007,N
,CHINA,Shijiazhuang,Hebei,Shijiazhuang Jinyi MixC & IMAX,IMAX,IMAX,DL,3D,Flat,,43.3 x 75.6 ft./ 13.2 x 23.0 m.,2018/11/10,CM
,CHINA,Wuhan,Hubei,Wuhan Caidian Jinyi & IMAX,IMAX,IMAX,D,3D,Flat,,34.1 x 61.5 ft./ 10.4 x 18.8 m.,2017/10,CM
,CHINA,Wuhan,Hubei,Wuhan Capitaland Xicheng CGV & IMAX,IMAX,IMAX,D,3D,Flat,,38.3 x 67.9 ft./ 11.7 x 20.7 m.,2017/04/14,CM
,CHINA,Wuhan,Hubei,Wuhan Jiangteng CGV & IMAX,IMAX,IMAX,D,3D,Flat,,34.4 x 61.4 ft./ 10.5 x 18.7 m.,2017/12/22,CM
,CHINA,Xiaogan,Hubei,Xiaogan Hanchuan Jinyi & IMAX,IMAX,IMAX,D,3D,Flat,,34.9 x 60.8 ft./ 10.6 x 18.5 m.,2017/01/21,CM
,CHINA,Wuhan,Hubei Prov.,Studio City Wuhan & IMAX,IMAX,IMAX,D,3D,Flat,648.0,39.9 x 69.3 ft./ 12.2 x 21.1 m.,2007/02/14,CM
,CHINA,Wuhan,Hubei Prov.,Wuhan Hanjie Wanda Plaza & IMAX,IMAX,IMAX,D,3D,Flat,,37.8 x 67.6 ft./ 11.5 x 20.6 m.,2013/09/28,CM
,CHINA,Changsha,Hunan,Changsha Fusheng Mall Jinyi & IMAX,IMAX,IMAX,D,3D,Flat,,37.4 x 67.0 ft./ 11.4 x 20.4 m.,2018/12/22,CM
,CHINA,Hengyang,Hunan,Hengyang Better Life Jinyi & IMAX,IMAX,IMAX,D,3D,Flat,,35.3 x 65.6 ft./ 10.8 x 20.0 m.,2018/09/30,CM
,CHINA,Changzhou,Jiangsu,Changzhou Longcheng Paradise W,IMAX,IMAX,D,3D,Flat,,33.7 x 58.9 ft./ 10.3 x 18.0 m.,2018/09/28,CM
,CHINA,Kunshan,Jiangsu,Yangzhou Jiangdu Jiayuan Mall,IMAX,IMAX,D,3D,Flat,,42.7 x 75.8 ft./ 13.0 x 23.1 m.,2018,CM
,CHINA,Lianyungang,Jiangsu,Lianyungang Bestar,IMAX,IMAX,D,3D,Flat,,35.4 x 63.6 ft./ 10.8 x 19.4 m.,2018/02/03,CM
,CHINA,Nanjing,Jiangsu,Nanjing Blue Ocean Jiangsu,IMAX,IMAX,D,3D,Flat,,37.4 x 67.0 ft./ 11.4 x 20.4 m.,2018/12/07,CM
,CHINA,Nanjing,Jiangsu,Nanjing Fengsheng Commercial AMG,IMAX,IMAX,D,3D,Flat,,40.2 x 71.5 ft./ 12.3 x 21.8 m.,2017/09/19,CM
,CHINA,Nanjing,Jiangsu,Nanjing Lumiere,IMAX,IMAX,D,3D,Flat,,,2018/05/02,CM
,CHINA,Nantong,Jiangsu,Nantong Haimen Omnijoi & IMAX,IMAX,IMAX,D,3D,Flat,,37.1 x 69.9 ft./ 11.3 x 21.3 m.,2017/12/23,CM
,CHINA,Nantong,Jiangsu,Nantong Rugao Injoy Bestar & IMAX,IMAX,IMAX,D,3D,Flat,,37.1 x 65.9 ft./ 11.3 x 20.1 m.,2017/11/17,CM
,CHINA,Suqian,Jiangsu,Suqian The Central Omnijoi & IMAX,IMAX,IMAX,D,3D,Flat,,41.9 x 73.8 ft./ 12.8 x 22.5 m.,2017/12/15,CM
,CHINA,Suzhou,Jiangsu,Suzhou Center CGV & IMAX,IMAX,IMAX,D,3D,Flat,,40.2 x 69.3 ft./ 12.3 x 21.1 m.,2017/11/11,CM
,CHINA,Suzhou,Jiangsu,Suzhou SND Culture & Sports Centre Omnijoi & IMAX,IMAX,IMAX,D,3D,Flat,,39.9 x 69.9 ft./ 12.2 x 21.3 m.,2017/08/25,CM
,CHINA,Taizhou,Jiangsu,Taixing Wuyue Bestar & IMAX,IMAX,IMAX,D,3D,Flat,,40.5 x 70.7 ft./ 12.3 x 21.6 m.,2018/11/23,CM
,CHINA,Yangzhou,Jiangsu,Yangzhou Injoy Bestar & IMAX,IMAX,IMAX,D,3D,Flat,,45.5 x 78.7 ft./ 13.9 x 24.0 m.,2018/09/28,CM
,CHINA,Zhenjiang,Jiangsu,Zhenjiang Injoy Bestar & IMAX,IMAX,IMAX,D,3D,Flat,,33.9 x 61.4 ft./ 10.3 x 18.7 m.,2017/08/25,CM
,CHINA,Nanjing,Jiangsu Prov.,Nanjing Juvenile Science & Technology Center,IMAX,IMAX,1570,2D,Dome,237.0,68.9 ft./ 21.0 m.,2005/10/28,N
,CHINA,Xinyu,Jiangxi,Xinyu Jinyi & IMAX,IMAX,IMAX,D,3D,Flat,,35.6 x 63.7 ft./ 10.9 x 19.4 m.,2017/01/25,CM
,CHINA,Changchun,Jilin,Changchun Century Plaza CGV & IMAX,IMAX,IMAX,D,3D,Flat,,34.9 x 61.8 ft./ 10.6 x 18.8 m.,2018/10/30,CM
,CHINA,Changchun,Jilin,Changchun Injoy Bestar & IMAX,IMAX,IMAX,D,3D,Flat,,43.4 x 76.8 ft./ 13.2 x 23.4 m.,2017/07/27,CM
,CHINA,Ji'nan,Shandong,Ji'nan Haier Greenland OJ,IMAX,IMAX,D,3D,Flat,,42.3 x 74.1 ft./ 12.9 x 22.6 m.,2018/02/14,CM
,CHINA,Qingdao,Shandong,Bestar Qingdao Injoy Plaza,IMAX,IMAX,D,3D,Flat,,39.0 x 69.1 ft./ 11.9 x 21.1 m.,2017/09/29,CM
,CHINA,Qingdao,Shandong,Nanjing Lishui Hello City Omnijoi,IMAX,IMAX,D,3D,Flat,,33.6 x 59.7 ft./ 10.2 x 18.2 m.,2018,CM
,CHINA,Zibo,Shandong,Zibo Inzone Qina & IMAX,IMAX,IMAX,DL,3D,Flat,,37.9 x 67.6 ft./ 11.6 x 20.6 m.,2018/12/23,CM
,CHINA,Shangain,Shanghai,Shanghai Baoshan Longfor Omnijoi,IMAX,IMAX,D,3D,Flat,,43.7 x 76.1 ft./ 13.3 x 23.2 m.,2017/12/16,CM
,CHINA,Shanghai,Shanghai,Shanghai BFC Bona Palace & IMAX,IMAX,IMAX,D,3D,Flat,,27.1 x 48.6 ft./ 8.3 x 14.8 m.,2018/07/25,CM
,CHINA,Shanghai,Shanghai,Shanghai LCM Palace & IMAX,IMAX,IMAX,D,3D,Flat,,36.8 x 66.4 ft./ 11.2 x 20.2 m.,2018/09/22,CM
,CHINA,Jinzhong,Shanxi,Jinzhong Shanshan Outlets HBC,IMAX,IMAX,D,3D,Flat,,43.1 x 76.2 ft./ 13.1 x 23.2 m.,2017/09/09,CM
,CHINA,Taiyuan,Shanxi,Taiyuan Wanying,IMAX,IMAX,DL,3D,Flat,,38.9 x 69.4 ft./ 11.9 x 21.2 m.,2018/09/15,CM
,CHINA,Xi'an,Shanxi,XiAn Joy City Bona & IMAX,IMAX,IMAX,D,3D,Flat,,37.0 x 66.9 ft./ 11.3 x 20.4 m.,2018/12/21,CM
,CHINA,Xi-An,Shan-xi,IMAX Da Ming Palace,IMAX,IMAX,D,3D,Flat,288.0,39.0 x 69.9 ft./ 11.9 x 21.3 m.,2010/10,CM
,CHINA,Xi'an,Shanxi Prov.,Xi'an Beilin Wanda & IMAX,IMAX,IMAX,D,3D,Flat,,28.5 x 51.2 ft./ 8.7 x 15.6 m.,2013/10,CM
,CHINA,Chengdu,Sichuan,Chengdu Omnijoi,IMAX,IMAX,D,3D,Flat,,36.4 x 65.6 ft./ 11.1 x 20.0 m.,2018/11/23,CM
,CHINA,Mianyang,Sichuan,Mianyang Jinyi & IMAX,IMAX,IMAX,D,3D,Flat,,43.0 x 75.2 ft./ 13.1 x 22.9 m.,2018/07/28,CM
,CHINA,Chengdu,Sichuan Prov.,Chengdu UA IFC & IMAX,IMAX,IMAX,D,3D,Flat,,39.1 x 69.2 ft./ 11.9 x 21.1 m.,2014/01/21,CM
,CHINA,Kunming,Yunnan,Kunming Chenggong CGV & IMAX,IMAX,IMAX,D,3D,Flat,,46.3 x 80.0 ft./ 14.1 x 24.4 m.,2016/06/18,CM
,CHINA,Hangzhou,Zhejiang,CGV Hangzhou Longfor,IMAX,IMAX,D,3D,Flat,,43.2 x 75.8 ft./ 13.2 x 23.1 m.,2017/09/23,CM
,CHINA,Hangzhou,Zhejiang,Hangzhou E39-Zhejiang Xinyuan,IMAX,IMAX,D,3D,Flat,,,2018/02/09,CM
,CHINA,Hangzhou,Zhejiang,Hangzhou Xixi Bona & IMAX,IMAX,IMAX,D,3D,Flat,,40.7 x 71.8 ft./ 12.4 x 21.9 m.,2017/11/27,CM
,CHINA,Hangzhou,Zhejiang,Hangzhou Yunhe CGV & IMAX,IMAX,IMAX,D,3D,Flat,,45.1 x 78.1 ft./ 13.8 x 23.8 m.,2017/06/29,CM
,CHINA,Hangzhou,Zhejiang,Zhejiang Sinake-Hangzhou Xixi Happy,IMAX,IMAX,D,3D,Flat,,36.8 x 65.8 ft./ 11.2 x 20.1 m.,2018/02/02,CM
,CHINA,Jiaxing,Zhejiang,Jiaxing Haining Saga & IMAX,IMAX,IMAX,D,3D,Flat,,36.0 x 64.1 ft./ 11.0 x 19.5 m.,2018/01,CM
,CHINA,Jiaxing,Zhejiang,Jiaxing Tongxiang Bestar & IMAX,IMAX,IMAX,D,3D,Flat,,45.7 x 79.1 ft./ 13.9 x 24.1 m.,2017/05/26,CM
,CHINA,Ningbo,Zhejiang,Ningbo Beilun Bona & IMAX,IMAX,IMAX,D,3D,Flat,,39.3 x 70.1 ft./ 12.0 x 21.4 m.,2017/10/27,CM
,CHINA,Ningbo,Zhejiang,Ningbo Zhenhai Injoy Bestar & IMAX,IMAX,IMAX,D,3D,Flat,,45.3 x 78.4 ft./ 13.8 x 23.9 m.,2017/11/24,CM
,CHINA,Quzhou,Zhejiang,Quzjou Injoy Bestar & IMAX,IMAX,IMAX,D,3D,Flat,,42.0 x 73.8 ft./ 12.8 x 22.5 m.,2017/06/16,CM
,CHINA,Shaoxing,Zhejiang,Shaoxing Jinyi,IMAX,IMAX,D,3D,Flat,,36.6 x 65.0 ft./ 11.2 x 19.8 m.,2018/05/21,CM
,CHINA,Shaoxing,Zhejiang,Shaoxing Shengzhou Injoy Bestar,IMAX,IMAX,D,3D,Flat,,45.7 x 79.1 ft./ 13.9 x 24.1 m.,2017/10/27,CM
,CHINA,Wenling,Zhejiang,Wenling 0090 & IMAX,IMAX,IMAX,D,3D,Flat,,41.1 x 73.0 ft./ 12.5 x 22.3 m.,2017/07/27,CM
,CHINA,Ningbo,Zhejiang Prov.,CGV Ningbo Cultural Square & IMAX,IMAX,IMAX,D,3D,Flat,,38.7 x 68.6 ft./ 11.8 x 20.9 m.,2013/10/25,CM
,CHINA,Ningbo,Zhejiang Prov.,Yuyao Wanda Plaza & IMAX,IMAX,IMAX,D,3D,Flat,,36.3 x 65.1 ft./ 11.1 x 19.8 m.,2013/11,CM
,COLOMBIA,Bogota,,"IMAX, Plaza de las Americas",IMAX,IMAX,D,3D,Flat,603.0,64.0 x 94.5 ft./ 19.5 x 28.8 m.,2008/09/17,CM
,COLOMBIA,Bogota,,Maloka Interactive Science Center,ZEISS,ZEISS,D,3D,Dome,314.0,72.0 ft./ 22.0 m.,1998/08/16,N
,COLOMBIA,Envigado,,Cine Colombia Viva Envigado & IMAX,IMAX,IMAX,DL,3D,Flat,,42.1 x 73.8 ft./ 12.8 x 22.5 m.,2018/10/26,CM
,COLOMBIA,Santiago de Cali,,Cinepolis Premier Limonar & IMAX,IMAX,IMAX,D,3D,Flat,,34.5 x 61.7 ft./ 10.5 x 18.8 m.,2013/12/21,CM
,COSTA RICA,Curridabat,,Nova Cinemas Ciudad del Este & IMAX,IMAX,IMAX,D,3D,Flat,,32.8 x 58.9 ft./ 10.0 x 18.0 m.,2017/12/15,CM
,COSTA RICA,San Jose,,Nova Cinemas IMAX,IMAX,IMAX,D,3D,Flat,276.0,39.4 x 69.6 ft./ 12.0 x 21.2 m.,2009/12/25,CM
,CROATIA,Zagreb,,CineStar Arena IMAX Zagreb,IMAX,IMAX,D,3D,Flat,485.0,44.8 x 79.3 ft./ 13.6 x 24.2 m.,2011/04/15,CM
,CZECH REPUBLIC,Prague,,"IMAX Theatre, Palace Flora",IMAX,IMAX,1570+D,3D,Flat,379.0,60.6 x 78.3 ft./ 18.5 x 23.9 m.,2003/03/20,CM
,DENMARK,Aarhus,,CinemaxX Aarhus & IMAX,IMAX,IMAX,D,3D,Flat,,,2016/12/14,CM
,DENMARK,Copenhagen,,CinemaxX Kobenhaven & IMAX,IMAX,IMAX,D,3D,Flat,,37.9 x 71.1 ft./ 11.6 x 21.7 m.,2015/04/22,CM
,DENMARK,Copenhagen,,Planetarium,ES,ES,DL8,2D,Dome,240.0,75.0 ft./ 22.9 m.,1989/01,C
,DOMINICAN REPUBLIC,Santo Domingo,,Palacio del Cine & IMAX,IMAX,IMAX,D,3D,Flat,,28.8 x 51.7 ft./ 8.8 x 15.8 m.,2014/07/03,CM
,ECUADOR,Guayaquil,,Cinema Malecon,CHRIS,CHRIS,D,3D,Dome,186.0,59.0 ft./ 18.0 m.,2003/11,CM
,ECUADOR,Guayaquil,,Supercines Riocentro EL Dorado & IMAX,IMAX,IMAX,D,3D,Flat,,46.2 x 83.0 ft./ 14.1 x 25.3 m.,2014/12/30,CM
,ECUADOR,Machala,,Supercines Machala & IMAX,IMAX,IMAX,D,3D,Flat,,28.1 x 51.6 ft./ 8.6 x 15.7 m.,2018/04/26,CM
,ECUADOR,Norta Guayaquil,,Norta Guayaqui Supercines,IMAX,IMAX,D,3D,Flat,,43.6 x 76.9 ft./ 13.3 x 23.4 m.,2018/10/04,CM
,ECUADOR,Quito,,IMAX at Paseo San Francisco,IMAX,IMAX,D,3D,Flat,,39.5 x 69.6 ft./ 12.0 x 21.2 m.,2013/02/16,CM
,ECUADOR,Quito,,Supercines 6 de Diciembre & IMAX,IMAX,IMAX,D,3D,Flat,,43.8 x 77.3 ft./ 13.4 x 23.6 m.,2016/03/24,CM
,EGYPT,Alexandria,,Bibliotheca Alexandrina,RSA,RSA,DL2,2D,Dome,100.0,46.0 ft./ 14.0 m.,2002/04/23,N
,EGYPT,Cairo,,Egyptian Military Academy,GOTO,GOTO,1070,2D,Dome,300.0,59.0 ft./ 18.0 m.,2002,N
,EGYPT,Cairo,,ETISALAT IMAX Theatre Cairo,IMAX,IMAX,D,3D,Flat,480.0,42.9 x 87.4 ft./ 13.1 x 26.7 m.,2012/10/22,CM
,EGYPT,Cairo,,VOX Al Mazza & IMAX,IMAX,IMAX,D,3D,Flat,,,2020,CM
,ESTONIA,Tallinn,,Kosmos IMAX,IMAX,IMAX,D,3D,Flat,,40.5 x 72.5 ft./ 12.3 x 22.1 m.,2014/12/19,CM
,FINLAND,Helsinki,,Finnkino Itis & IMAX,IMAX,IMAX,DL,3D,Flat,346.0,43.6 x 76.5 ft./ 13.3 x 23.3 m.,2018/11/30,CM
,FINLAND,Oulun Kapunki,,"Tietomaa Science Center, Oulu",BARCO,BARCO,D,3D,Flat,210.0,29.5 x 56.0 ft./ 9.0 x 17.1 m.,1988/06/29,N
,FINLAND,Vantaa,,"Heureka, Finnish Science Centre",SONY,SONY,D,2D,Dome,200.0,58.0 ft./ 17.7 m.,1989/04/27,N
,FRANCE,Archamps,,Gaumont Archamps & IMAX,IMAX,IMAX,DL2,3D,Flat,,45.6 x 82.0 ft./ 13.9 x 25.0 m.,2017/10/24,CM
,FRANCE,Carré de Soie,,Pathe Carre de Soie IMAX,IMAX,IMAX,D,3D,Flat,477.0,32.4 x 58.7 ft./ 9.9 x 17.9 m.,2010/07/21,CM
,FRANCE,Conflans-Sainte-Honorine,,Pathe Conflans & IMAX,IMAX,IMAX,DL2,3D,Flat,,45.6 x 82.3 ft./ 13.9 x 25.1 m.,2017,CM
,FRANCE,Grand Quevilly,,Gaumont Rouen Grand Quevilly & IMAX,IMAX,IMAX,D,3D,Flat,408.0,33.6 x 70.0 ft./ 10.3 x 21.3 m.,2010/07/21,CM
,FRANCE,Ivry-sur-Seine,,Cinema Pathe Quai d'Ivry & IMAX,IMAX,IMAX,D,3D,Flat,519.0,35.6 x 68.1 ft./ 10.9 x 20.8 m.,2010/06/30,CM
,FRANCE,Jaunay-Clan,,Futuroscope - Dome Theatre,IMAX,IMAX,1570,2D,Dome,330.0,72.0 ft./ 25.0 m.,1990/06,C
,FRANCE,Jaunay-Clan,,Futuroscope - Kinemax IMAX Theatre,IMAX,IMAX,DL2,3D,Flat,420.0,70.0 x 79.0 ft./ 20.4 x 27.1 m.,1987/05/31,C
,FRANCE,La Valette-Du-Var,,Pathe La Valette & IMAX,IMAX,IMAX,DL2,3D,Flat,,46.3 x 83.6 ft./ 14.1 x 25.5 m.,2016/04/13,CM
,FRANCE,Labege Innopole,,Cinema Gaumont Labege & IMAX,IMAX,IMAX,DL,3D,Flat,462.0,35.3 x 70.0 ft./ 10.8 x 21.3 m.,2010/10/13,CM
,FRANCE,Les Pennes Mirabeaux,,Pathe Plan de Campagne & IMAX,IMAX,IMAX,DL2,3D,Flat,,45.5 x 81.9 ft./ 13.9 x 25.0 m.,2018/10/05,CM
,FRANCE,Marne-la-Vallée,,Gaumont Disney Village & IMAX,IMAX,IMAX,DL2,3D,Flat,575.0,48.6 x 85.8 ft./ 14.8 x 26.2 m.,2005/03/11,CM
,FRANCE,Montpellier,,Gaumont Montpellier Multiplexe & IMAX,IMAX,IMAX,DL2,3D,Flat,418.0,56.8 x 77.9 ft./ 17.3 x 23.7 m.,1998/04,CM
,FRANCE,Paris,,La Geode,IMAX,IMAX,1570,2D,Dome,400.0,85.0 ft./ 25.9 m.,1985/03/09,C
,FRANCE,Paris,,Pathe La Villette & IMAX,IMAX,IMAX,D,3D,Flat,,30.5 x 54.4 ft./ 9.3 x 16.6 m.,2016/12/14,CM
,FRANCE,Saran,,Pathe Saran & IMAX,IMAX,IMAX,DL2,3D,Flat,,40.4 x 72.2 ft./ 12.3 x 22.0 m.,2017/11/22,CM
,FRANCE,St. Ours-Les-Roche,,Vulcania,CHRIS,CHRIS,D,3D,Flat,,60.0 x 77.0 ft./ 17.7 x 23.5 m.,2002/02/22,N
,FRANCE,Thillois,,Gaumont Parc Millesime & IMAX,IMAX,IMAX,DL2,3D,Flat,,40.3 x 72.2 ft./ 12.3 x 22.0 m.,2017/10/04,CM
,FRANCE,Toulouse,,Cité De L'Espace,IMAX,IMAX,1570,3D,Flat,300.0,52.8 x 69.3 ft./ 16.1 x 21.1 m.,2005/05/10,N
,FRANCE,Tours,,Cinema Loire & IMAX,IMAX,IMAX,DL,3D,Flat,,34.3 x 61.5 ft./ 10.5 x 18.8 m.,2018/10/03,CM
,GEORGIA,Tbilisi,,Cavea Cinemas & IMAX,IMAX,IMAX,D,3D,Flat,,44.0 x 77.1 ft./ 13.4 x 23.5 m.,2015/09/12,CM
,GERMANY,Berlin,,UCI Kinowelt Mercedes Platz & IMAX,IMAX,IMAX,DL,3D,Flat,,44.3 x 68.5 ft./ 13.5 x 20.9 m.,2018/11/14,CM
,GERMANY,Bochum,,UCI KINOWELT Ruhr Park & IMAX,IMAX,IMAX,D,3D,Flat,,31.7 x 56.8 ft./ 9.7 x 17.3 m.,2018/05/24,CM
,Germany,Dusseldorf,,UCI Dusseldorf & IMAX,IMAX,IMAX,D,3D,Flat,314.0,,2020/01,CM
,GERMANY,Hamburg,,UCI Kinowelt Othmarschen Park,IMAX,IMAX,D,3D,Flat,,38.6 x 69.0 ft./ 11.8 x 21.0 m.,2018/12/15,CM
,GERMANY,Hamburg,,UCI KINOWELT Wandsbek & IMAX,IMAX,IMAX,D,3D,Flat,,36.9 x 66.8 ft./ 11.3 x 20.4 m.,2018/07/04,CM
,GERMANY,Karlsruhe,,Filmpalast am ZKM,IMAX,IMAX,DL2,3D,Flat,,51.8 x 70.0 ft./ 15.8 x 21.3 m.,2000/01,CM
,GERMANY,Leonberg,,IMAX Leonberg,IMAX,IMAX,DL,3D,Flat,574.0,70.0 x 125.2 ft./ 21.0 x 38.2 m.,2021/09/28,CM
,GERMANY,Sinsheim,,IMAX 3D Theatre Sinsheim,IMAX,IMAX,DL2,3D,Flat,350.0,59.3 x 81.3 ft./ 18.1 x 24.8 m.,1996/04/28,C
,GERMANY,Speyer,,IMAX Dome Speyer,IMAX,IMAX,1570,2D,Dome,330.0,78.7 ft./ 24.0 m.,1997/08/02,C
,GERMANY,Nuremberg,Bavaria,Cinecitta Multiplexkino,SONY,SONY,D,3D,Flat,511.0,68.1 x 98.5 ft./ 21.1 x 29.0 m.,2001/12/22,CM
,GREECE,Athens,,Eugenides Planetarium,SS,SS,1570+DL,2D,Dome,278.0,80.0 ft./ 24.4 m.,2004/02,N
,GREECE,Thessaloniki,,CineplexX One Salonica & IMAX,IMAX,IMAX,D,3D,Flat,,31.8 x 57.1 ft./ 9.7 x 17.4 m.,2018/12/14,CM
,GREECE,Thessaloniki,,Thessaloniki Science Center and Technology Museum,MEGA,MEGA,870+D,2D,Flat,300.0,56.0 x 76.0 ft./ 17.1 x 23.2 m.,2004/09/30,N
,GUATEMALA,Guatemala City,,Cinepolis Miraflores & IMAX,IMAX,IMAX,D,3D,Flat,,31.7 x 56.6 ft./ 9.7 x 17.3 m.,2013/12/27,CM
,GUATEMALA,Guatemala City,,IMAX Pradera Concepcion,IMAX,IMAX,D,3D,Flat,352.0,52.8 x 69.2 ft./ 16.1 x 21.1 m.,2006/07/07,CM
,HUNGARY,Budapest,,"Simple IMAX, Cinema City Budapest",IMAX,IMAX,D,3D,Flat,398.0,55.8 x 78.7 ft./ 24.0 x 17.0 m.,2008/01/17,CM
,INDIA,Bangalore,,INOX Mantri Mall & IMAX,IMAX,IMAX,D,3D,Flat,,28.9 x 53.2 ft./ 8.8 x 16.2 m.,2017/04/20,CM
,INDIA,Bangalore,,PVR IMAX,IMAX,IMAX,D,3D,Flat,350.0,32.1 x 61.0 ft./ 9.8 x 18.6 m.,2012/11/02,CM
,INDIA,Bangalore,,PVR Vega Mall & IMAX,IMAX,IMAX,D,3D,Flat,,33.3 x 62.3 ft./ 10.2 x 19.0 m.,2018/01/05,CM
,INDIA,Bangalore,,PVR Xanders & IMAX,IMAX,IMAX,D,3D,Flat,,34.1 x 61.7 ft./ 10.4 x 18.8 m.,2015/12/28,CM
,INDIA,Bengaluru,,Cinepolis Shantiniketan & IMAX,IMAX,IMAX,D,3D,Flat,,30.0 x 55.8 ft./ 9.1 x 17.0 m.,2018,CM
,INDIA,Chennai,,Luxe IMAX,IMAX,IMAX,D,3D,Flat,,35.1 x 63.2 ft./ 10.7 x 19.3 m.,2012/11/02,CM
,INDIA,Chennai,,Palazzo IMAX,IMAX,IMAX,D,3D,Flat,,39.1 x 70.0 ft./ 11.9 x 21.3 m.,2012/12/15,CM
,INDIA,Delhi,,Delhi PVR Vegas Mall,IMAX,IMAX,D,3D,Flat,,38.1 x 68.1 ft./ 11.6 x 20.8 m.,2018/12/13,CM
,INDIA,Hyderabad,,Prasads IMAX,CHRIS,CHRIS,DL2,3D,Flat,630.0,72.0 x 95.0 ft./ 22.0 x 29.0 m.,2003/07/23,CM
,INDIA,Kolkatta,,INOX South City Mall & IMAX,IMAX,IMAX,D,3D,Flat,,27.6 x 50.1 ft./ 8.4 x 15.3 m.,2018/07/20,CM
,INDIA,Mumbai,,Cinepolis Seawoods Grand Central Mall & IMAX,IMAX,IMAX,D,3D,Flat,,,2020,CM
,INDIA,Mumbai,,INOX Inorbit Mall & IMAX,IMAX,IMAX,D,3D,Flat,,31.9 x 57.2 ft./ 9.7 x 17.4 m.,2018/06/28,CM
,INDIA,Mumbai,,INOX R-City Mall Ghatkoper & IMAX,IMAX,IMAX,D,3D,Flat,,30.2 x 54.8 ft./ 9.2 x 16.7 m.,2017/01/31,CM
,INDIA,Mumbai,,Mumbai INOX 4,IMAX,IMAX,D,3D,Flat,,28.9 x 52.1 ft./ 8.8 x 15.9 m.,2018/10/12,CM
,INDIA,Mumbai,,Nehru Science Centre,GOTO,GOTO,1070,2D,Dome,220.0,59.0 ft./ 18.0 m.,2008/12/19,N
,INDIA,Mumbai,,PVR Phoenix IMAX,IMAX,IMAX,DL,3D,Flat,,30.7 x 59.4 ft./ 9.4 x 18.1 m.,2013/06/14,CM
,INDIA,New Delhi,,BAPS Shree Swaminarayan Mandir,BARCO,BARCO,DL2,2D,Flat,512.0,57.0 x 76.0 ft./ 17.4 x 23.2 m.,2005/11/04,N
,INDIA,New Delhi,,PVR Ambience Gold & IMAX,IMAX,IMAX,D,3D,Flat,,29.5 x 53.1 ft./ 9.0 x 16.2 m.,2018/02/05,CM
,INDIA,New Delhi,,PVR Select City Walk Gold & IMAX,IMAX,IMAX,DL,3D,Flat,,29.9 x 53.4 ft./ 9.1 x 16.3 m.,2017/12/20,CM
,INDIA,Pune,,Cinepolis Westend Mall Sumashilp Pune & IMAX,IMAX,IMAX,D,3D,Flat,,30.6 x 55.2 ft./ 9.3 x 16.8 m.,2016/09/23,CM
,INDIA,Thane,,Cinepolis Vivana Mall & IMAX,IMAX,IMAX,D,3D,Flat,,31.6 x 56.9 ft./ 9.6 x 17.3 m.,2014/11/20,CM
,INDIA,Ahmedabad,Gujarat,Gujarat Science City,IMAX,IMAX,1570,3D,Flat,651.0,66.8 x 95.1 ft./ 20.4 x 29.0 m.,2002/10/24,N
,INDIA,Mumbai,Maharashtra,Carnival IMAX Wadala,IMAX,IMAX,D,3D,Flat,519.0,38.8 x 69.4 ft./ 11.8 x 21.2 m.,2001/03/24,CM
,INDIA,Kapurthala,Punjab,Pushpa Gujral Science City,ES,ES,1570+D,2D,Dome,325.0,75.9 ft./ 23.1 m.,2005/03/19,N
,INDIA,Lucknow,Uttar Pradesh,"Regional Science City, Lucknow",GOTO,GOTO,1070,2D,Dome,220.0,,2005/05,N
,INDIA,Noida,Uttar Pradesh,PVR Superplex & IMAX,IMAX,IMAX,D,3D,Flat,,39.6 x 70.5 ft./ 12.1 x 21.5 m.,2016/04/28,CM
,INDIA,Kolkata,West Bengal,Science City,ZEISS,ZEISS,D,2D,Dome,360.0,75.9 ft./ 23.1 m.,1997,N
,INDONESIA,Bekasi,,Summarecon Mal Bekasi & IMAX,IMAX,IMAX,D,3D,Flat,,38.5 x 68.2 ft./ 11.7 x 20.8 m.,2015/04,CM
,INDONESIA,Jakarta,,Gandaria XXI IMAX,IMAX,IMAX,DL,3D,Flat,391.0,35.3 x 67.0 ft./ 10.8 x 20.4 m.,2012/05/04,CM
,INDONESIA,North Jakarta,,Gading XXI IMAX,IMAX,IMAX,D,3D,Flat,,46.9 x 77.3 ft./ 14.3 x 23.6 m.,2013/04/25,CM
,INDONESIA,Surabaya,,Cinema XXI & IMAX,IMAX,IMAX,D,3D,Flat,,42.3 x 75.1 ft./ 12.9 x 22.9 m.,2017/02/22,CM
,INDONESIA,Surabaya,,Tunjungan 5 XXI & IMAX,IMAX,IMAX,D,3D,Flat,,40.7 x 73.1 ft./ 12.4 x 22.3 m.,2015/09/11,CM
,INDONESIA,Tangerang,,Cinema XXI The Breeze & IMAX,IMAX,IMAX,D,3D,Flat,,35.8 x 64.6 ft./ 10.9 x 19.7 m.,2017/11/15,CM
,INDONESIA,Tangerang,Banten,Cinema XXI & IMAX,IMAX,IMAX,D,3D,Flat,,41.9 x 75.1 ft./ 12.8 x 22.9 m.,2014/04/30,CM
,INDONESIA,Jakarta,Timur,Keong Emas IMAX Theatre,IMAX,IMAX,1570,2D,Flat,811.0,70.5 x 96.1 ft./ 21.5 x 29.3 m.,1984/05/20,N
,IRELAND,Dublin,,Cineworld Dublin & IMAX,IMAX,IMAX,D,3D,Flat,400.0,32.6 x 61.0 ft./ 9.9 x 18.6 m.,2012/12/14,CM
,IRELAND,Dublin,,ODEON Blanchardstown & IMAX,IMAX,IMAX,D,3D,Flat,,29.2 x 53.8 ft./ 8.9 x 16.4 m.,2017,CM
,ISRAEL,Be'er Sheva,,Yes Planet Be'er Sheva & IMAX,IMAX,IMAX,D,3D,Flat,,59.0 x 77.9 ft./ 18.0 x 23.8 m.,2016/05/26,CM
,ISRAEL,Jerusalem,,Yes Planet Jerusalem & IMAX,IMAX,IMAX,D,3D,Flat,,29.0 x 54.0 ft./ 8.8 x 16.5 m.,2015/08/12,CM
,ISRAEL,Rishon Lezion,,Yes Planet Rishon Lezion & LG IMAX,IMAX,IMAX,D,3D,Flat,403.0,31.9 x 56.9 ft./ 9.7 x 17.4 m.,2012/07/19,CM
,ITALY,Afragola,,Happy MaxiCinema & IMAX,IMAX,IMAX,D,3D,Flat,,33.8 x 63.0 ft./ 10.3 x 19.2 m.,2015/11/05,CM
,ITALY,Bergamo,,UCI Cinemas Orio & IMAX,IMAX,IMAX,DL2,3D,Flat,,,2017/07,CM
,ITALY,Florence,,UCI Luxe Campi Bisenzio & IMAX,IMAX,IMAX,D,3D,Flat,,35.2 x 64.0 ft./ 10.7 x 19.5 m.,2018/11/15,CM
,ITALY,Milan,,UCI Pioltello IMAX,IMAX,IMAX,D,3D,Flat,343.0,35.9 x 64.4 ft./ 11.0 x 19.6 m.,2011/05/18,CM
,ITALY,Rome,,UCI Cinemas Porta di Roma & IMAX,IMAX,IMAX,D,3D,Flat,,,2020/01,CM
,ITALY,Sesto San Giovanni,,Skyline Multiplex & IMAX,IMAX,IMAX,D,3D,Flat,,31.9 x 60.4 ft./ 9.7 x 18.4 m.,2013/06/20,CM
,JAPAN,Fujisawa City,,109 Cinemas Shonan & IMAX,IMAX,IMAX,D,3D,Flat,310.0,37.8 x 67.6 ft./ 11.5 x 20.6 m.,2011/11/11,CM
,JAPAN,Fukita-shi,,109 Cinemas Osaka Expocity & IMAX,IMAX,IMAX,DL2,3D,Flat,,59.0 x 85.3 ft./ 18.0 x 26.0 m.,2015/11/17,CM
,JAPAN,Fukuoka,,United Cinemas Canal City & IMAX,IMAX,IMAX,DL,3D,Flat,360.0,27.5 x 49.6 ft./ 8.4 x 15.1 m.,2010/11/19,CM
,JAPAN,Hiroshima,,Fukuyama Eigaru 8 & IMAX,IMAX,IMAX,D,3D,Flat,,28.2 x 52.5 ft./ 8.6 x 16.0 m.,2015/11/27,CM
,JAPAN,Hiroshima,,T-JOY Hiroshima Wald 11 & IMAX,IMAX,IMAX,D,3D,Flat,,26.8 x 50.0 ft./ 8.2 x 15.2 m.,2017/12/15,CM
,JAPAN,Ichihara City,,US Cinemas Chiharadai & IMAX,IMAX,IMAX,D,3D,Flat,,30.3 x 57.1 ft./ 9.2 x 17.4 m.,2017/08/04,CM
,JAPAN,Kagoshima,,Kagoshima Mitte 10 & IMAX,IMAX,IMAX,D,3D,Flat,,26.6 x 49.2 ft./ 8.1 x 15.0 m.,2018/07/13,CM
,JAPAN,Kawasaki,,109 Cinemas Kawasaki & IMAX,IMAX,IMAX,DL,3D,Flat,449.0,29.5 x 57.1 ft./ 9.0 x 17.4 m.,2009/06/19,CM
,JAPAN,Kyoto,,TOHO Cinemas Nijo & IMAX,IMAX,IMAX,D,3D,Flat,,34.0 x 63.2 ft./ 10.4 x 19.3 m.,2015/12/18,CM
,JAPAN,Matsudo,,United Cinemas Matsudo & IMAX,IMAX,IMAX,DL,2D,Flat,,,2020/03,CM
,JAPAN,Matsuyama-shi,,Cinema Sunshine Kinuyama & IMAX,IMAX,IMAX,D,3D,Flat,269.0,26.7 x 50.0 ft./ 8.2 x 15.2 m.,2012/12,CM
,JAPAN,Minamisaitama-gun,,109 Cinemas Shobu & IMAX,IMAX,IMAX,D,3D,Flat,349.0,32.2 x 60.4 ft./ 9.8 x 18.4 m.,2009/06/19,CM
,JAPAN,Nagoya-shi,,109 Cinemas Nagoya IMAX,IMAX,IMAX,DL,3D,Flat,316.0,28.9 x 56.1 ft./ 8.8 x 17.1 m.,2009/12/22,CM
,JAPAN,Narita,,Narita Humax Cinemas IMAX,IMAX,IMAX,D,3D,Flat,467.0,45.4 x 80.0 ft./ 13.8 x 24.4 m.,2012/05/25,CM
,JAPAN,Okinawa,,United Cinemas Parco City Urasoe & IMAX,IMAX,IMAX,DL,2D,Flat,,,2020/03,CM
,JAPAN,Osaka,,109 Cinemas Minoh IMAX,IMAX,IMAX,D,3D,Flat,273.0,28.5 x 52.5 ft./ 8.7 x 16.0 m.,2009/06/19,CM
,JAPAN,Osaka,,TOHO Cinemas Namba & IMAX,IMAX,IMAX,D,3D,Flat,,,2016/12/15,CM
,JAPAN,Sapporo,,United Cinemas Sapporo Factory & IMAX,IMAX,IMAX,DL,3D,Flat,467.0,45.5 x 81.8 ft./ 13.9 x 24.9 m.,2010/11/19,CM
,JAPAN,Tokyo,,109 Cinemas Futako Tamagawa & IMAX,IMAX,IMAX,D,3D,Flat,,32.5 x 60.6 ft./ 9.9 x 18.5 m.,2015/04/21,CM
,JAPAN,Tokyo,,109 Cinemas Grandberry & IMAX,IMAX,IMAX,D,3D,Flat,342.0,28.3 x 55.1 ft./ 8.6 x 16.8 m.,2010/11/06,CM
,JAPAN,Tokyo,,109 Cinemas Kiba & IMAX,IMAX,IMAX,D,3D,Flat,305.0,29.8 x 58.9 ft./ 9.1 x 18.0 m.,2011/07/15,CM
,JAPAN,Tokyo,,Katsushika City Museum,KM,KM,D,2D,Dome,181.0,59.4 ft./ 18.1 m.,1991/07/20,N
,JAPAN,Tokyo,,Tamarokuto Science Center,GOTO,GOTO,D,2D,Dome,254.0,90.8 ft./ 27.7 m.,1995,N
,JAPAN,Tokyo,,Toho Cinemas Shinjyuku & IMAX,IMAX,IMAX,D,3D,Flat,,35.8 x 63.8 ft./ 10.9 x 19.5 m.,2015/04/17,CM
,JAPAN,Tokyo,,United Cinemas Toshimaen & IMAX,IMAX,IMAX,DL,3D,Flat,383.0,31.2 x 62.4 ft./ 9.5 x 19.0 m.,2011/05/19,CM
,JAPAN,Toyohashi,,United Cinemas Toyohashi 18 & IMAX,IMAX,IMAX,D,3D,Flat,,30.2 x 55.8 ft./ 9.2 x 17.0 m.,2014/06/13,CM
,JAPAN,Tsuchiura-shi,,Cinema Sunshine Tsuchiura & IMAX,IMAX,IMAX,D,3D,Flat,259.0,30.3 x 54.8 ft./ 9.2 x 16.7 m.,2012/12/14,CM
,JAPAN,Yokohama,,TOHO Cinemas LaLaport Yokohama & IMAX,IMAX,IMAX,D,3D,Flat,,,2016/12/16,CM
,JAPAN,Nagoya,Aichi,AEON Cinema Oodaka & IMAX,IMAX,IMAX,D,3D,Flat,,31.8 x 58.5 ft./ 9.7 x 17.8 m.,2016/07,CM
,JAPAN,Toyohashi-shi,Aichi Pref.,Toyohashi Museum of Natural History,NEC,NEC,D,2D,Flat,320.0,42.9 x 59.4 ft./ 13.1 x 18.1 m.,1998,N
,JAPAN,Sakai-gun,Fukui Pref.,Fukui Children's Science Centre,GOTO,GOTO,D,2D,Dome,256.0,75.9 ft./ 23.1 m.,1999,N
,JAPAN,Kurume-shi,Fukuoka Pref.,Fukuoka Science Museum,GOTO,GOTO,D,2D,Dome,261.0,76.0 ft./ 23.2 m.,1990/01/05,N
,JAPAN,Koriyama City,Fukushima Pref.,Koriyama Municipal Science Museum,GOTO,GOTO,D,2D,Dome,234.0,75.9 ft./ 23.1 m.,2001/11,N
,JAPAN,Tatebayashi-shi,Gunma Pref.,Mukai Chiaki Children's Science Museum,GOTO,GOTO,D,2D,Dome,240.0,79.9 ft./ 24.4 m.,1991/05/05,N
,JAPAN,Kagawa-gun,Kagawa Pref.,Sanuki Children's Center,GOTO,GOTO,D,2D,Dome,200.0,66.0 ft./ 20.1 m.,1995,N
,JAPAN,Kagoshima City,Kagoshima Pref.,Kagoshima Municipal Science Center,IMAX,IMAX,1570+DL,2D,Dome,284.0,75.5 ft./ 23.0 m.,1990/12/25,N
,JAPAN,Yokohama,Kanagawa,Yokohama Burg13 & IMAX,IMAX,IMAX,D,3D,Flat,,34.4 x 62.5 ft./ 10.5 x 19.1 m.,2016/06/30,CM
,JAPAN,Fujisawa-shi,Kanagawa Pref.,Shonandai Cultural Center,GOTO,GOTO,D,2D,Dome,200.0,66.0 ft./ 20.1 m.,1989/07/18,N
,JAPAN,Sagamihara-shi,Kanagawa Pref.,Sagamihara City Museum,LIB,LIB,D,2D,Dome,250.0,76.0 ft./ 23.2 m.,1995/07,N
,JAPAN,Matsusaka City,Mie Pref.,Mie Adventure Park,GOTO,GOTO,D,2D,Dome,250.0,72.6 ft./ 22.1 m.,1988,N
,JAPAN,Sendai,Miyagi,TOHO Cinemas Sendai & IMAX,IMAX,IMAX,D,3D,Flat,,30.2 x 55.8 ft./ 9.2 x 17.0 m.,2016/07,CM
,JAPAN,Nagasaki-shi,Nagasaki Pref.,Nagasaki Science Museum,ES,ES,D,2D,Dome,280.0,75.9 ft./ 23.1 m.,1997,N
,JAPAN,Yamatokoriyama-shi,Nara Pref,IMAX Cinema Sunshine Yamatokoriyama,IMAX,IMAX,D,3D,Flat,378.0,31.5 x 59.9 ft./ 9.6 x 18.3 m.,2011/07,CM
,JAPAN,Kurashiki-shi,Okayama Pref.,Kurashiki Science Center,GOTO,GOTO,D,2D,Dome,210.0,69.3 ft./ 21.1 m.,1993/04/24,N
,JAPAN,Osaka-shi,Osaka Pref.,"Science Museum, Osaka",GOTO,GOTO,D,2D,Dome,312.0,87.0 ft./ 26.5 m.,1989/10/07,N
,JAPAN,Kishiawada City,Osaka-fu,United Cinemas Kishiwada IMAX,IMAX,IMAX,D,3D,Flat,366.0,30.5 x 59.4 ft./ 9.3 x 18.1 m.,2010/12/17,CM
,JAPAN,Tondabayashi-shi,Osaka-fu,Tondabayashi Subaru Hall,GOTO,GOTO,D,2D,Dome,200.0,66.0 ft./ 20.1 m.,1991/11,N
,JAPAN,Tokorozawa,Saitama,Tokorozawa Aviation Museum,unk,unk,D,3D,Flat,206.0,49.2 x 65.6 ft./ 15.0 x 20.0 m.,1993/04/03,N
,JAPAN,Urawa,Saitama,United Cinemas Urawa & IMAX,IMAX,IMAX,DL,3D,Flat,386.0,30.1 x 59.8 ft./ 9.2 x 18.2 m.,2010/11/19,CM
,JAPAN,Saitama-shi,Saitama Pref.,Saitama City Space Theater,GOTO,GOTO,D,2D,Dome,295.0,75.5 ft./ 23.0 m.,1987/08,N
,JAPAN,Saitama-shi,Saitama Pref.,Saitama Space Science Hall,GOTO,GOTO,D,2D,Dome,260.0,75.9 ft./ 23.1 m.,1988,N
,JAPAN,Hamaoka,Shizuoka Pref.,Hamaoka Nuclear Exhibition Center,NEC,NEC,DL,3D,Dome,160.0,59.0 ft./ 18.0 m.,1988/04/15,N
,JAPAN,Chiyodaku,Tokyo,Chiyodaku Hibiya Toho,IMAX,IMAX,D,3D,Flat,,,2018/03/27,CM
,JAPAN,Minato-Ku,Tokyo,T-Joy Prince Shinagawa & IMAX,IMAX,IMAX,D,3D,Flat,,37.5 x 66.5 ft./ 11.4 x 20.3 m.,2016/06/30,CM
,JAPAN,Kofu-shi,Yamanashi Pref.,Yamanashi Science Museum,GOTO,GOTO,D,2D,Dome,200.0,66.0 ft./ 20.1 m.,1998/07/21,N
,JORDAN,Amman,,Grand Cinemas City Mall & IMAX,IMAX,IMAX,D,3D,Flat,,35.3 x 64.0 ft./ 10.8 x 19.5 m.,2013/10/16,CM
,KAZAKHSTAN,Almaty,,Kinopark 11 Esentai IMAX,IMAX,IMAX,D,3D,Flat,390.0,36.0 x 68.0 ft./ 11.0 x 20.7 m.,2012/10/25,CM
,KAZAKHSTAN,Astana,,IMAX Kinopark Keruen,IMAX,IMAX,D,3D,Flat,261.0,25.9 x 52.0 ft./ 7.9 x 15.9 m.,2010/11/20,CM
,KAZAKHSTAN,Astana,,Kinopark 8 Saryarka & IMAX,IMAX,IMAX,D,3D,Flat,,33.5 x 60.6 ft./ 10.2 x 18.5 m.,2016/12/30,CM
,KENYA,Nairobi,,Century Cinemax Garden City Mall & IMAX,IMAX,IMAX,D,3D,Flat,,31.2 x 56.0 ft./ 9.5 x 17.1 m.,2016/11/18,CM
,KENYA,Nairobi,,IMAX 20th Century,IMAX,IMAX,D,3D,Flat,279.0,30.0 x 55.4 ft./ 9.1 x 16.9 m.,2012/04,CM
,KUWAIT,Fahaheel,,Cinescape Al-Kout &  IMAX,IMAX,IMAX,DL,3D,Flat,,38.8 x 69.0 ft./ 11.8 x 21.0 m.,2018/11/08,CM
,KUWAIT,Kuwait City,,360 Kuwait & IMAX,IMAX,IMAX,D,3D,Flat,317.0,38.7 x 68.9 ft./ 11.8 x 21.0 m.,2009/07/05,CM
,KUWAIT,Salmiya,,Scientific Center of Kuwait,IMAX,IMAX,DL2,3D,Flat,250.0,48.4 x 65.6 ft./ 14.8 x 20.0 m.,2000/12/27,N
,KYRGYZSTAN,Bishkek,,Cosmopark IMAX,IMAX,IMAX,D,3D,Flat,,39.0 x 69.7 ft./ 11.9 x 21.3 m.,2016/07/21,CM
,KYRGYZSTAN,Bishkek,,Dordoi Plaza & IMAX,IMAX,IMAX,D,3D,Flat,,42.2 x 73.8 ft./ 12.9 x 22.5 m.,2018/09/29,CM
,LEBANON,Beirut,,VOX Cinemas & IMAX,IMAX,IMAX,D,3D,Flat,,37.2 x 68.3 ft./ 11.3 x 20.8 m.,2016/09/10,CM
,MALAYSIA,Genting Highlands,,"Bona Cinemas IMAX, Genting",IMAX,IMAX,D,3D,Flat,,36.9 x 70.1 ft./ 11.3 x 21.4 m.,2018,CM
,MALAYSIA,Johor Bahru,,TGV Tebrau & IMAX,IMAX,IMAX,D,3D,Flat,,35.0 x 63.7 ft./ 10.7 x 19.4 m.,2013/12/11,CM
,MALAYSIA,Kuala Lumpur,,National Planetarium,SS,SS,D,2D,Dome,200.0,65.6 ft./ 20.0 m.,1994,N
,MALAYSIA,Kuala Lumpur,,TGV Sunway Velocity & IMAX,IMAX,IMAX,D,3D,Flat,,63.7 x 85.0 ft./ 19.4 x 25.9 m.,2016/12/08,CM
,MALAYSIA,Penang,,TGV Gurney Paragon & IMAX,IMAX,IMAX,D,3D,Flat,,38.1 x 67.0 ft./ 11.6 x 20.4 m.,2014/04/03,CM
,MALAYSIA,Petaling Jaya,,TGV 1 Utama & IMAX,IMAX,IMAX,D,3D,Flat,300.0,41.2 x 72.2 ft./ 12.5 x 22.0 m.,2012/12/13,CM
,MALAYSIA,Shah Alam,,Central i-City Mall & IMAX,IMAX,IMAX,D,3D,Flat,,45.4 x 80.0 ft./ 13.8 x 24.4 m.,2018,CM
,MALAYSIA,Kuching,Sarawak,TGV Vivacity Mall Kuching & IMAX,IMAX,IMAX,D,3D,Flat,,59.0 x 79.1 ft./ 18.0 x 24.1 m.,2016/08/18,CM
,MALAYSIA,Petaling Jaya,Selangor,TGV Sunway Pyramid & IMAX,IMAX,IMAX,D,3D,Flat,292.0,30.2 x 57.7 ft./ 9.2 x 17.6 m.,2011/12/14,CM
,MEXICO,Aguascalientes,,Descubre Museo Interactivo de Ciencia,IMAX,IMAX,1570,2D,Dome,330.0,78.7 ft./ 24.0 m.,1996/11/20,N
,MEXICO,Metepec,,Cinepolis Galerias Metepec IMAX Theatre,IMAX,IMAX,D,3D,Flat,432.0,34.8 x 61.4 ft./ 10.6 x 18.7 m.,2008/12/05,CM
,MEXICO,Naucalpan,,Cinepolis Plaza Satelite & IMAX,IMAX,IMAX,D,3D,Flat,,33.3 x 60.0 ft./ 10.2 x 18.3 m.,2017/09/27,CM
,MEXICO,Toluca,,Cinepolis IMAX Toluca Centro,IMAX,IMAX,D,3D,Flat,300.0,60.0 x 80.0 ft./ 18.3 x 24.4 m.,2009/06/30,CM
,MEXICO,Mexicali,BC,Museo Sol del Niño,IMAX,IMAX,1570,3D,Flat,301.0,52.9 x 72.0 ft./ 16.1 x 21.3 m.,2006/12,N
,MEXICO,Tijuana,BC,Centro Cultural Tijuana,IMAX,IMAX,1570,2D,Dome,300.0,75.5 ft./ 23.0 m.,1982/10/20,N
,MEXICO,Juarez,Chihuahua,Cinepolis Las Misiones Cd. Juarez & IMAX,IMAX,IMAX,D,3D,Flat,407.0,35.1 x 63.0 ft./ 10.7 x 19.2 m.,2009/06/05,CM
,MEXICO,Mexico City,DF,Cinepolis Forum Buenavista & IMAX,IMAX,IMAX,D,3D,Flat,,30.3 x 54.8 ft./ 9.2 x 16.7 m.,2013/12/28,CM
,MEXICO,Mexico City,DF,Cinepolis Perisur & IMAX,IMAX,IMAX,D,3D,Flat,271.0,40.9 x 57.4 ft./ 12.7 x 17.5 m.,2004/11/16,CM
,MEXICO,Mexico City,DF,Cinepolis Universidad & IMAX,IMAX,IMAX,D,3D,Flat,304.0,45.1 x 70.2 ft./ 13.8 x 21.4 m.,2006/07/06,CM
,MEXICO,Mexico City,DF,Papalote Museo del Nino,IMAX,IMAX,1570,3D,Flat,333.0,55.9 x 78.8 ft./ 17.0 x 24.0 m.,1993/11/05,N
,MEXICO,Leon,Guanajuato,Patronato de Explora,IMAX,IMAX,1570,3D,Flat,296.0,60.5 x 77.4 ft./ 17.4 x 23.6 m.,1994/11/23,N
,MEXICO,Guadalajara,Jalisco,Cinepolis Forum Tlaquepaque & IMAX,IMAX,IMAX,D,3D,Flat,,30.3 x 54.8 ft./ 9.2 x 16.7 m.,2013/12/27,CM
,MEXICO,Guadalajara,Jalisco,Cinepolis Galerias & IMAX,IMAX,IMAX,D,3D,Flat,320.0,32.8 x 60.7 ft./ 10.0 x 18.5 m.,2005/06/15,CM
,MEXICO,Cuernavaca,Morelos,Galerias Cuernavaca & IMAX,IMAX,IMAX,D,3D,Flat,,33.3 x 60.4 ft./ 10.2 x 18.4 m.,2014/11/21,CM
,MEXICO,Monterrey,NL,Cinepolis Galerias Monterrey & IMAX,IMAX,IMAX,D,3D,Flat,,30.4 x 55.0 ft./ 9.3 x 16.8 m.,2015/03/27,CM
,MEXICO,Monterrey,NL,Cinepolis Valle Oriente & IMAX,IMAX,IMAX,D,3D,Flat,409.0,32.8 x 60.7 ft./ 10.0 x 18.5 m.,2005/03/11,CM
,MEXICO,Monterrey,NL,Papalote Museo del Nino,IMAX,IMAX,DL2,3D,Flat,360.0,52.5 x 68.9 ft./ 16.0 x 21.0 m.,2017/06/07,N
,MEXICO,Puebla,Puebla,Cinepolis Angelopolis Puebla & IMAX,IMAX,IMAX,D,3D,Flat,,30.5 x 54.4 ft./ 9.3 x 16.6 m.,2013/12/28,CM
,MEXICO,Puebla,Puebla,Planetario Puebla,VIOSO,VIOSO,D,2D,Dome,270.0,75.5 ft./ 23.0 m.,1985/02/12,N
,MEXICO,Cancun,Quintana Roo,Cinepolis Puerto Cancun & IMAX,IMAX,IMAX,D,3D,Flat,,33.1 x 59.4 ft./ 10.1 x 18.1 m.,2017/05/17,CM
,MEXICO,Veracruz,Veracruz,Cinépolis IMAX - Acuario de Veracruz,IMAX,IMAX,1570+D,3D,Flat,263.0,30.9 x 55.1 ft./ 9.4 x 16.8 m.,2005/02/28,CM
,MONGOLIA,Ulaanbaatar,,Urgoo Cinemas & IMAX,IMAX,IMAX,D,3D,Flat,,35.1 x 63.6 ft./ 10.7 x 19.4 m.,2016/07/22,CM
,MOROCCO,Casablanca,,IMAX Theatre Morocco Mall,IMAX,IMAX,D,3D,Flat,335.0,39.5 x 70.0 ft./ 12.1 x 21.3 m.,2011/12/04,CM
,NETHERLANDS,Amsterdam,,Pathe Arena & IMAX,IMAX,IMAX,DL,3D,Flat,480.0,34.0 x 67.0 ft./ 10.4 x 20.4 m.,2005/03/11,CM
,NETHERLANDS,Eindhoven,,Pathe Eindhoven & IMAX,IMAX,IMAX,D,3D,Flat,438.0,23.0 x 59.0 ft./ 7.0 x 18.0 m.,2010/03/10,CM
,NETHERLANDS,Hague,,Omniversum,ES,ES,DL5,2D,Dome,296.0,75.5 ft./ 23.0 m.,1984/12/12,C
,NETHERLANDS,Hague,,Pathe Spuimarkt & IMAX,IMAX,IMAX,DL,3D,Flat,492.0,36.1 x 68.9 ft./ 11.0 x 21.0 m.,2012/12/10,CM
,NETHERLANDS,Tilburg,,Pathe Tilburg & IMAX,IMAX,IMAX,D,3D,Flat,366.0,32.8 x 62.3 ft./ 10.0 x 19.0 m.,2012/12/10,CM
,NETHERLANDS,Rotterdam,CL,Pathe Schouwburgplein & IMAX,IMAX,IMAX,DL,3D,Flat,396.0,29.5 x 59.0 ft./ 9.0 x 18.0 m.,2009/12/16,CM
,NETHERLANDS,Arnhem,GE,Pathe Arnhem & IMAX,IMAX,IMAX,D,3D,Flat,308.0,39.4 x 68.9 ft./ 12.0 x 21.0 m.,2015/10/19,CM
,NEW ZEALAND,Auckland,,Event Cinemas Queen Street & IMAX,IMAX,IMAX,DL2,3D,Flat,436.0,65.3 x 88.6 ft./ 19.9 x 27.0 m.,1999/07/29,CM
,NIGERIA,Lagos,,Filmhouse & IMAX,IMAX,IMAX,D,3D,Flat,,39.9 x 70.1 ft./ 12.2 x 21.4 m.,2016/09/09,CM
,NORWAY,Oslo,,ODEON Oslo & IMAX,IMAX,IMAX,DL2,3D,Flat,,44.9 x 79.3 ft./ 13.7 x 24.2 m.,2018/03/22,CM
,OMAN,Muscat,,VOX Cinemas City Centre Qurum & IMAX,IMAX,IMAX,D,3D,Flat,,35.2 x 63.4 ft./ 10.7 x 19.3 m.,2016/09/10,CM
,PAKISTAN,Lahore,,CineStar IMAX,IMAX,IMAX,D,3D,Flat,,40.0 x 70.0 ft./ 12.2 x 21.3 m.,2014/06/26,CM
,PANAMA,Panama City,,Panama Canal IMAX Theater,IMAX,IMAX,DL2,3D,Flat,,45.2 x 78.7 ft./ 13.8 x 24.0 m.,2018/12/13,CM
,PANAMA,Panama City,,Panama City Altaplaza & IMAX,IMAX,IMAX,D,3D,Flat,,30.5 x 55.1 ft./ 9.3 x 16.8 m.,2016/02/27,CM
,PHILIPPINES,Angeles City,,IMAX Clark,IMAX,IMAX,D,3D,Flat,450.0,40.5 x 72.0 ft./ 12.3 x 22.0 m.,2012/12/14,CM
,PHILIPPINES,Cebu,,SM Cinema Cebu,IMAX,IMAX,D,3D,Flat,457.0,39.0 x 69.9 ft./ 11.9 x 21.3 m.,2010/07/09,CM
,PHILIPPINES,Davao City,,SM Cinema Lanang Premier & IMAX,IMAX,IMAX,D,3D,Flat,457.0,40.6 x 72.2 ft./ 12.4 x 22.0 m.,2012/09/27,CM
,PHILIPPINES,Las Pinas,,SM Southmall IMAX,IMAX,IMAX,D,3D,Flat,440.0,38.4 x 69.2 ft./ 11.7 x 21.1 m.,2011/07/14,CM
,PHILIPPINES,Las Pinas,,Vista Cinemas & IMAX,IMAX,IMAX,DL,3D,Flat,,,2018/11/19,CM
,PHILIPPINES,Mandaluyong City,,IMAX Megamall,IMAX,IMAX,D,3D,Flat,,40.2 x 73.6 ft./ 12.3 x 22.4 m.,2013/11/15,CM
,PHILIPPINES,Manila,,IMAX SM North Edsa,IMAX,IMAX,D,3D,Flat,472.0,29.2 x 52.5 ft./ 8.9 x 16.0 m.,2009/07/16,CM
,PHILIPPINES,Manila,,SM Mall of Asia IMAX,IMAX,IMAX,1570+D,3D,Flat,586.0,72.0 x 95.0 ft./ 22.0 x 29.0 m.,2006/05/21,CM
,PHILIPPINES,Taguig City,,SM Cinema Aura Premier & IMAX,IMAX,IMAX,D,3D,Flat,,39.7 x 69.9 ft./ 12.1 x 21.3 m.,2013/05/17,CM
,POLAND,Katowice,,Cinema City IMAX Katowice,IMAX,IMAX,D,3D,Flat,396.0,60.0 x 79.4 ft./ 18.3 x 24.2 m.,2002/07/05,CM
,POLAND,Krakow,,Cinema City IMAX Krakow,IMAX,IMAX,D,3D,Flat,424.0,57.1 x 79.0 ft./ 17.4 x 24.1 m.,2001/12/15,CM
,POLAND,Lodz,,Cinema City IMAX Lodz,IMAX,IMAX,D,3D,Flat,399.0,60.1 x 79.4 ft./ 18.3 x 24.2 m.,2006/05/17,CM
,POLAND,Poznan,,Cinema City IMAX Poznan,IMAX,IMAX,D,3D,Flat,458.0,61.0 x 79.4 ft./ 18.6 x 24.2 m.,2005/06,CM
,POLAND,Warsaw,,Cinema City IMAX Warszawa,IMAX,IMAX,D,3D,Flat,383.0,60.0 x 79.5 ft./ 18.3 x 24.2 m.,2000/09/11,CM
,POLAND,Wroclaw,,Cinema City Wroclavia & IMAX,IMAX,IMAX,D,3D,Flat,,56.5 x 75.6 ft./ 17.2 x 23.0 m.,2017,CM
,PORTUGAL,Alcabideche,,Cinemas NOS Cascaishoping & IMAX,IMAX,IMAX,D,3D,Flat,,38.0 x 68.4 ft./ 11.6 x 20.9 m.,2017/11/16,CM
,PORTUGAL,Lisbon,,Cinema NOS Colombo & IMAX,IMAX,IMAX,D,3D,Flat,,39.3 x 70.2 ft./ 12.0 x 21.4 m.,2013/03,CM
,PORTUGAL,Matosinhos,,Cinema NOS Marshopping & IMAX,IMAX,IMAX,D,3D,Flat,,42.2 x 74.9 ft./ 12.9 x 22.8 m.,2015/04/02,CM
,QATAR,Doha,,"IMAX 3D, Villagio Mall",IMAX,IMAX,D,3D,Flat,283.0,43.6 x 69.9 ft./ 13.3 x 21.3 m.,2009/10/28,CM
,QATAR,Doha,,"Novo Cinemas IMAX ""The Pearl""",IMAX,IMAX,D,3D,Flat,,32.0 x 57.8 ft./ 9.8 x 17.6 m.,2014/07/28,CM
,QATAR,Doha,,Novo Mall of Qatar & IMAX,IMAX,IMAX,DL2,3D,Flat,,52.1 x 94.0 ft./ 15.9 x 28.7 m.,2016/12/10,CM
,ROMANIA,Bucharest,,"T IMAX, AFI Palace Cotroceni",IMAX,IMAX,D,3D,Flat,398.0,45.9 x 75.4 ft./ 14.0 x 23.0 m.,2009/11/02,CM
,ROMANIA,Timisoara,,Cinema City IMAX Shopping City,IMAX,IMAX,D,3D,Flat,,52.9 x 70.4 ft./ 16.1 x 21.5 m.,2016/04/15,CM
,RUSSIA,Anapa,,Kinocentr na Krasnoy Ploschadi IMAX,IMAX,IMAX,D,3D,Flat,326.0,31.1 x 58.1 ft./ 9.5 x 17.7 m.,2012/08/30,CM
,RUSSIA,Barnaul,,Kinomir IMAX Barnaul,IMAX,IMAX,D,3D,Flat,,45.2 x 78.2 ft./ 13.8 x 23.8 m.,2015/02/05,CM
,RUSSIA,Chelyabinsk,,Cinema Park IMAX Chelyabinsk,IMAX,IMAX,D,3D,Flat,,,2013/04/30,CM
,RUSSIA,Irkutsk,,Barguzin & IMAX,IMAX,IMAX,D,3D,Flat,,40.1 x 71.9 ft./ 12.2 x 21.9 m.,2016/12/15,CM
,RUSSIA,Kaliningrad,,Cinema Park IMAX Kaliningrad,IMAX,IMAX,D,3D,Flat,,38.5 x 68.5 ft./ 11.7 x 20.9 m.,2013/04/27,CM
,RUSSIA,Krasnodar,,IMAX Theatre Seven Stars Mall,IMAX,IMAX,D,3D,Flat,518.0,47.6 x 90.4 ft./ 14.5 x 27.6 m.,2011/05/18,CM
,RUSSIA,Krasnoyarsk,,Cinema Park IMAX Krasnoyarsk,IMAX,IMAX,D,3D,Flat,,39.1 x 70.0 ft./ 11.9 x 21.3 m.,2015/08/18,CM
,RUSSIA,Kursk,,Cinema 5 Kursk & IMAX,IMAX,IMAX,D,3D,Flat,,35.9 x 64.7 ft./ 10.9 x 19.7 m.,2017/12/16,CM
,RUSSIA,Lipetsk,,Kinomax-Riviera & IMAX,IMAX,IMAX,D,3D,Flat,,38.7 x 69.3 ft./ 11.8 x 21.1 m.,2017/01/31,CM
,RUSSIA,Moscow,,Coca-Cola IMAX @ MEGA Tepliy Stan,IMAX,IMAX,D,3D,Flat,475.0,34.1 x 65.9 ft./ 10.4 x 20.1 m.,2010/03/05,CM
,RUSSIA,Moscow,,Coca-Cola IMAX KinoStar New York @ MEGA Belaya Dacha,IMAX,IMAX,D,3D,Flat,376.0,33.5 x 60.0 ft./ 10.2 x 18.3 m.,2009/03/08,CM
,RUSSIA,Moscow,,"Formula Kino City, IMAX Sapphire",IMAX,IMAX,D,3D,Flat,78.0,29.3 x 52.1 ft./ 8.9 x 15.9 m.,2011/10/06,CM
,RUSSIA,Moscow,,Formula Kino Kutuzovsky & IMAX,IMAX,IMAX,DL2,3D,Flat,,51.1 x 90.7 ft./ 15.6 x 27.7 m.,2016/08/25,CM
,RUSSIA,Moscow,,Formula Kino Polezhaevskaya & IMAX,IMAX,IMAX,D,3D,Flat,,37.6 x 67.3 ft./ 11.5 x 20.5 m.,2016/09/24,CM
,RUSSIA,Moscow,,IMAX Kinostar DeLux @ MEGA Khimki,IMAX,IMAX,D,3D,Flat,372.0,33.0 x 60.7 ft./ 10.1 x 18.5 m.,2011/02/03,CM
,RUSSIA,Moscow,,Karo IMAX Moscow,IMAX,IMAX,D,3D,Flat,323.0,29.6 x 54.8 ft./ 9.0 x 16.7 m.,2010/12/16,CM
,RUSSIA,Moscow,,Karo Kuntsevo 13 & IMAX,IMAX,IMAX,D,3D,Flat,,38.5 x 69.0 ft./ 11.7 x 21.0 m.,2017/10/18,CM
,RUSSIA,Moscow,,Kinomax Kozhukhovskaya & IMAX,IMAX,IMAX,D,3D,Flat,,37.9 x 70.0 ft./ 11.6 x 21.3 m.,2015/05/21,CM
,RUSSIA,Moscow,,Kinomax Prazhskaya & IMAX,IMAX,IMAX,D,3D,Flat,,38.1 x 68.9 ft./ 11.6 x 21.0 m.,2015/05/28,CM
,RUSSIA,Moscow,,Kinomax Titan Moscow & IMAX,IMAX,IMAX,DL2,3D,Flat,,51.4 x 92.0 ft./ 15.7 x 28.0 m.,2018/08/03,CM
,RUSSIA,Moscow,,Kinosfera IMAX,IMAX,IMAX,D,3D,Flat,371.0,53.0 x 74.9 ft./ 17.0 x 22.0 m.,2003/04/03,CM
,RUSSIA,Mytischy,,MORI Cinema & IMAX Mytishchi,IMAX,IMAX,D,3D,Flat,,42.3 x 74.2 ft./ 12.9 x 22.6 m.,2013/02,CM
,RUSSIA,Naberezhnye Chelny,,Cinema Park SLC TORGOVYI KVARTAL & IMAX,IMAX,IMAX,D,3D,Flat,,30.6 x 55.3 ft./ 9.3 x 16.9 m.,2013/03/29,CM
,RUSSIA,Nizhny Novgorod,,Cinema Park Deluxe IMAX,IMAX,IMAX,D,3D,Flat,387.0,39.5 x 70.0 ft./ 12.1 x 21.3 m.,2012/04/26,CM
,RUSSIA,Novokuznetsk,,Formula Kino IMAX Novokuznetsk,IMAX,IMAX,D,3D,Flat,,38.8 x 69.7 ft./ 11.8 x 21.3 m.,2014/12/18,CM
,RUSSIA,Novosibirsk,,Cinema Park Novosibirsk & IMAX,IMAX,IMAX,D,3D,Flat,425.0,31.2 x 62.6 ft./ 9.5 x 19.1 m.,2010/11/18,CM
,RUSSIA,Perm,,Kristall IMAX,IMAX,IMAX,D,3D,Flat,254.0,44.0 x 68.6 ft./ 13.4 x 20.9 m.,2010/04/08,CM
,RUSSIA,Rostov-on-Don,,Kinomax Rostov-on-Don & IMAX,IMAX,IMAX,D,3D,Flat,,40.0 x 71.2 ft./ 12.2 x 21.7 m.,2018/11,CM
,RUSSIA,Ryazan,,Kinomax IMAX Ryazan,IMAX,IMAX,D,3D,Flat,392.0,39.3 x 70.0 ft./ 12.0 x 21.3 m.,2012/09,CM
,RUSSIA,Saint Petersburg,,Coca-Cola IMAX Kinostar City,IMAX,IMAX,D,3D,Flat,401.0,35.1 x 67.1 ft./ 10.7 x 20.5 m.,2007/04/26,CM
,RUSSIA,Saint Petersburg,,Formula Kino Gallery & IMAX,IMAX,IMAX,D,3D,Flat,297.0,31.8 x 61.5 ft./ 9.7 x 18.8 m.,2010/12/16,CM
,RUSSIA,Saint Petersburg,,Formula Kino Gemchuzhina & IMAX,IMAX,IMAX,D,3D,Flat,,32.2 x 58.4 ft./ 9.8 x 17.8 m.,2013/09/19,CM
,RUSSIA,Saint Petersburg,,"Formula Kino Piterland, IMAX Sapphire",IMAX,IMAX,D,3D,Flat,,26.7 x 49.0 ft./ 8.1 x 14.9 m.,2013/09/12,CM
,RUSSIA,Samara,,Kinomax-Samara & IMAX,IMAX,IMAX,D,3D,Flat,,39.8 x 70.9 ft./ 12.1 x 21.6 m.,2017/04/08,CM
,RUSSIA,Saratov,,Cinema Park IMAX Triumph,IMAX,IMAX,D,3D,Flat,299.0,27.0 x 49.1 ft./ 8.2 x 15.0 m.,2010/12/16,CM
,RUSSIA,Stavropol,,Cinema Park Kosmos & IMAX,IMAX,IMAX,D,3D,Flat,,38.9 x 69.7 ft./ 11.9 x 21.3 m.,2015/12/29,CM
,RUSSIA,Surgut,,Cinema Park Surgut & IMAX,IMAX,IMAX,D,3D,Flat,354.0,36.4 x 65.3 ft./ 11.1 x 19.9 m.,2012/11/18,CM
,RUSSIA,Syktivkar,,Kronverk Cinema Maxi & IMAX,IMAX,IMAX,D,3D,Flat,344.0,36.5 x 64.8 ft./ 11.1 x 19.8 m.,2012/12/19,CM
,RUSSIA,Tolyatti,,MORI Cinema & IMAX,IMAX,IMAX,D,3D,Flat,,30.8 x 55.8 ft./ 9.4 x 17.0 m.,2014/06/28,CM
,RUSSIA,Tomsk,,Kinomax Tomsk & IMAX,IMAX,IMAX,D,3D,Flat,,40.5 x 72.0 ft./ 12.3 x 22.0 m.,2013/12/18,CM
,RUSSIA,Tula,,Cinema Park Maxi Tula & IMAX,IMAX,IMAX,D,3D,Flat,,32.5 x 58.5 ft./ 9.9 x 17.8 m.,2016/12/15,CM
,RUSSIA,Tumen,,Cinema Park Tumen & IMAX,IMAX,IMAX,D,3D,Flat,337.0,28.5 x 54.6 ft./ 8.7 x 16.6 m.,2011/05/18,CM
,RUSSIA,Ufa,,Iskra IMAX,IMAX,IMAX,D,3D,Flat,348.0,39.7 x 69.9 ft./ 12.1 x 21.3 m.,2009/12/24,CM
,RUSSIA,Ulan Ude,,People's Cinema IMAX,IMAX,IMAX,D,3D,Flat,,40.6 x 72.2 ft./ 12.4 x 22.0 m.,2015/04/22,CM
,RUSSIA,Ulyanovsk,,Cinema Park IMAX (Aqua Mall),IMAX,IMAX,D,3D,Flat,426.0,39.9 x 69.7 ft./ 12.2 x 21.3 m.,2012/09/13,CM
,RUSSIA,Vladivostock,,Kinomax Sapphire & IMAX,IMAX,IMAX,D,3D,Flat,,,2019/01,CM
,RUSSIA,Vladivostok,,Ocean Cinema Theatre,IMAX,IMAX,D,3D,Flat,,37.1 x 68.6 ft./ 11.3 x 20.9 m.,2014/12/10,CM
,RUSSIA,Volgograd,,Cinema Park IMAX Europe City Mall,IMAX,IMAX,D,3D,Flat,367.0,28.7 x 55.0 ft./ 8.8 x 16.8 m.,2011/12/28,CM
,RUSSIA,Voronezh,,Cinema Park IMAX Gallery Center,IMAX,IMAX,D,3D,Flat,491.0,44.5 x 78.6 ft./ 13.6 x 24.0 m.,2010/12/23,CM
,RUSSIA,Yekaterinburg,,Cinema Park IMAX Starlight,IMAX,IMAX,D,3D,Flat,322.0,30.5 x 55.0 ft./ 9.3 x 16.8 m.,2010/12/16,CM
,SAUDI ARABIA,Abha,,Empire Cinemas - Abha & iMAX,IMAX,IMAX,D,3D,Flat,300.0,,2020/11/15,CM
,SAUDI ARABIA,Al Khobar,,Sultan Bin Abdul Aziz Science and Technology Centre,IMAX,IMAX,1570,2D,Dome,192.0,65.6 ft./ 20.0 m.,2005/11/08,N
,SAUDI ARABIA,"Hafr Al Batin,",,AMC Hafr Al Batin 8 & IMAX,IMAX,IMAX,DL,3D,Flat,,,2020/11/10,CM
,SAUDI ARABIA,Jeddah,,AMC Stars Avenue 9 & IMAX,IMAX,IMAX,DL,3D,Flat,135.0,,2021/04/08,CM
,SAUDI ARABIA,Jeddah,,VOX Jeddah Town Square & IMAX,IMAX,IMAX,DL,3D,Flat,315.0,,2020/11/29,CM
,SAUDI ARABIA,Jeddah,,Vox Red Sea Mall & IMAX,IMAX,IMAX,DL,3D,Flat,290.0,,2019/01/25,CM
,SAUDI ARABIA,Riyadh,,AMC Al Khair 9 & IMAX,IMAX,IMAX,DL,3D,Flat,95.0,,2020/11/10,CM
,SAUDI ARABIA,RIYADH,,VOX Cinemas & IMAX,IMAX,IMAX,D,3D,Flat,210.0,29.7 x 52.5 ft./ 9.1 x 16.0 m.,2018/05/04,CM
,SINGAPORE,Singapore,,Science Centre Singapore,ES,ES,D,3D,Dome,276.0,75.5 ft./ 23.0 m.,1987/12/10,N
,SINGAPORE,Singapore,,Shaw Theatres Jcube & IMAX,IMAX,IMAX,D,3D,Flat,159.0,31.3 x 56.0 ft./ 9.5 x 17.1 m.,2012/04/05,CM
,SINGAPORE,Singapore,,Shaw Theatres Lido & IMAX,IMAX,IMAX,D,3D,Flat,425.0,29.5 x 62.3 ft./ 9.0 x 19.0 m.,2011/05/19,CM
,SINGAPORE,Singapore,,Shaw Theatres Waterway Point & IMAX,IMAX,IMAX,D,3D,Flat,,33.3 x 59.4 ft./ 10.2 x 18.1 m.,2016/01/21,CM
,SINGAPORE,Singapore,,"Singapore Discovery Centre, Ltd.",unk,unk,D,3D,Flat,344.0,43.8 x 58.1 ft./ 13.1 x 18.1 m.,1996/12,N
,SLOVAKIA,Bratislava,,Cinemax Bratislava & IMAX,IMAX,IMAX,D,3D,Flat,476.0,42.6 x 75.4 ft./ 13.0 x 23.0 m.,2015/06/11,CM
,SOUTH AFRICA,Bedfordview,,Ster-Kinekor Eastgate & IMAX,IMAX,IMAX,D,3D,Flat,,38.0 x 68.1 ft./ 11.6 x 20.8 m.,2015/12/04,CM
,SOUTH AFRICA,Cape Town,,Ster Kinekor Blue Route Mall,IMAX,IMAX,D,3D,Flat,,,2020/03,CM
,SOUTH AFRICA,Cape Town,,Ster-Kinekor Capegate & IMAX,IMAX,IMAX,D,3D,Flat,,29.5 x 53.9 ft./ 9.0 x 16.4 m.,2014/12/10,CM
,SOUTH AFRICA,Johannesburg,,Ster-Kinekor & IMAX,IMAX,IMAX,D,3D,Flat,,34.3 x 61.6 ft./ 10.5 x 18.8 m.,2016/04/28,CM
,SOUTH AFRICA,Krugersdorp,,Ster-Kinekor Cradlestone Mall & IMAX,IMAX,IMAX,D,3D,Flat,,34.4 x 62.0 ft./ 10.5 x 18.9 m.,2015/07/03,CM
,SOUTH AFRICA,Port Elizabeth,,Ster-Kinekor Baywest Mall & IMAX,IMAX,IMAX,D,3D,Flat,,33.3 x 60.0 ft./ 10.2 x 18.3 m.,2015/06/18,CM
,SOUTH AFRICA,Pretoria,,Ster-Kinekor The Grove & IMAX,IMAX,IMAX,D,3D,Flat,,34.4 x 62.2 ft./ 10.5 x 19.0 m.,2014/06/26,CM
,SOUTH AFRICA,Durban,K.N.,Gateway IMAX Theatre,IMAX,IMAX,D,3D,Flat,,34.1 x 61.8 ft./ 10.4 x 18.8 m.,2013/11/08,CM
,SOUTH KOREA,Bucheon-si,,CGV Sopong & IMAX,IMAX,IMAX,D,3D,Flat,,29.3 x 52.7 ft./ 8.9 x 16.1 m.,2014/11/06,CM
,SOUTH KOREA,Busan,,CGV Seomyeon IMAX,IMAX,IMAX,D,3D,Flat,246.0,35.4 x 61.0 ft./ 10.8 x 18.6 m.,2006/06/28,CM
,SOUTH KOREA,Changwon,,CGV Changwon-The City & IMAX,IMAX,IMAX,D,3D,Flat,,27.8 x 50.7 ft./ 8.5 x 15.5 m.,2014/04/16,CM
,SOUTH KOREA,Chuncheon-si,,CGV Chuncheon & IMAX,IMAX,IMAX,D,3D,Flat,,30.9 x 55.1 ft./ 9.4 x 16.8 m.,2014/10/27,CM
,SOUTH KOREA,Daegu,,CGV Daegu IMAX,IMAX,IMAX,D,3D,Flat,281.0,41.3 x 70.0 ft./ 12.6 x 21.3 m.,2007/09/30,CM
,SOUTH KOREA,Daejeon,,CGV Daejeon & IMAX,IMAX,IMAX,D,3D,Flat,364.0,27.9 x 50.2 ft./ 8.5 x 15.3 m.,2010/12/15,CM
,SOUTH KOREA,Daejeon,,National Science Museum,GOTO,GOTO,D,2D,Dome,283.0,75.4 ft./ 23.0 m.,1990,N
,SOUTH KOREA,Goyangsi,,CGV Ilsan IMAX,IMAX,IMAX,D,3D,Flat,300.0,41.3 x 70.0 ft./ 12.6 x 21.3 m.,2007/03/29,CM
,SOUTH KOREA,Incheon,,CGV Incheon & IMAX,IMAX,IMAX,D,3D,Flat,439.0,29.9 x 54.7 ft./ 9.1 x 16.7 m.,2005/12,CM
,SOUTH KOREA,Jeonju,,CGV Jeonju Hyoja & IMAX,IMAX,IMAX,D,3D,Flat,,45.9 x 80.0 ft./ 14.0 x 24.4 m.,2014/08/28,CM
,SOUTH KOREA,Seongnam,,CGV IMAX Seongnam,IMAX,IMAX,D,3D,Flat,,39.8 x 70.0 ft./ 12.1 x 21.3 m.,2015/08/20,CM
,SOUTH KOREA,Seoul,,CGV Cheonho & IMAX,IMAX,IMAX,D,3D,Flat,,61.3 x 81.2 ft./ 18.7 x 24.8 m.,2015/07/07,CM
,SOUTH KOREA,Seoul,,CGV Wangsimni IMAX,IMAX,IMAX,D,3D,Flat,303.0,40.4 x 69.9 ft./ 12.3 x 21.3 m.,2009/03/06,CM
,SOUTH KOREA,Suwon,,CGV Suwon & IMAX,IMAX,IMAX,D,3D,Flat,337.0,29.3 x 53.1 ft./ 8.9 x 16.2 m.,2011/05/14,CM
,SOUTH KOREA,Uijeongbu,,CGV Uijeongbu & IMAX,IMAX,IMAX,D,3D,Flat,,29.1 x 52.8 ft./ 8.9 x 16.1 m.,2016/12/02,CM
,SOUTH KOREA,Ulsan,,CGV Ulsan Samsan & IMAX,IMAX,IMAX,D,3D,Flat,502.0,46.2 x 80.0 ft./ 14.1 x 24.4 m.,2013/05,CM
,SOUTH KOREA,Yongsang,,CGV Yongsan IMAX,IMAX,IMAX,DL2,3D,Flat,,73.5 x 98.4 ft./ 22.4 x 30.0 m.,2005/12,CM
,SOUTH KOREA,Gwangju,Gwangju,CGV Gwangju IMAX,IMAX,IMAX,D,3D,Flat,357.0,33.1 x 59.7 ft./ 10.1 x 18.2 m.,2009/05/30,CM
,SOUTH KOREA,Suwon,Gyeonggi-do,CGV Gwangyo & IMAX,IMAX,IMAX,DL,3D,Flat,,,2020/01/31,CM
,SPAIN,Madrid,,Cinesa Las Rozas Madrid & IMAX,IMAX,IMAX,D,3D,Flat,,32.7 x 58.4 ft./ 10.0 x 17.8 m.,2018/10/11,CM
,SPAIN,Madrid,,Cinesa Parquesur IMAX,IMAX,IMAX,D,3D,Flat,418.0,33.4 x 62.3 ft./ 10.2 x 19.0 m.,2011/05/20,CM
,SPAIN,Valencia,,Hemisferic,IMAX,IMAX,1570+D,2D,Dome,306.0,78.8 ft./ 24.0 m.,1998/04/16,N
,SPAIN,Las Palmas,CANARY ISLANDS,Museo Elder de la Ciencia y la Tecnologia,unk,unk,D,3D,Flat,172.0,,1999/12/10,N
,SWEDEN,Gothenburg,,Filmstaden Bergakungen & IMAX,IMAX,IMAX,DL,3D,Flat,,,2021,CM
,SWEDEN,Stockholm,,Filmstaden Scandinavia & IMAX,IMAX,IMAX,D,3D,Flat,,37.3 x 69.0 ft./ 11.4 x 21.0 m.,2015/11/12,CM
,SWEDEN,Stockholm,,Swedish Museum of Natural History,IMAX,IMAX,1570+D,2D,Dome,291.0,75.5 ft./ 23.0 m.,1992/10/16,N
,SWITZERLAND,Ebikon-Lucerne,,Pathe Mall of Switzerland & IMAX,IMAX,IMAX,DL2,3D,Flat,,40.9 x 73.8 ft./ 12.5 x 22.5 m.,2017/11/08,CM
,SWITZERLAND,Geneva,,Pathe Balexert & IMAX,IMAX,IMAX,D,3D,Flat,,32.9 x 60.7 ft./ 10.0 x 18.5 m.,2013/11/27,CM
,SWITZERLAND,Lucerne,,Swiss Transport Museum,CHRIS,CHRIS,D,3D,Flat,398.0,62.4 x 82.0 ft./ 19.0 x 25.0 m.,1996/07,N
,SWITZERLAND,Muri bei Bern,,Cinedome Muri & IMAX,IMAX,IMAX,D,3D,Flat,,36.9 x 66.8 ft./ 11.3 x 20.4 m.,2018/04/05,CM
,TAIWAN,Hsinchu,,Vieshow Big City Hsinchu & IMAX,IMAX,IMAX,D,3D,Flat,302.0,31.8 x 58.3 ft./ 9.7 x 17.8 m.,2012/04/27,CM
,TAIWAN,Kaohsiung,,Kaohsiung VieShow IMAX,IMAX,IMAX,D,3D,Flat,269.0,26.8 x 52.1 ft./ 8.2 x 15.9 m.,2010/04/29,CM
,TAIWAN,Kaohsiung,,National Science and Technology Museum,CHRIS,CHRIS,D,3D,Flat,306.0,56.4 x 74.4 ft./ 17.2 x 22.7 m.,1997/11/09,N
,TAIWAN,Keelung,,National Museum of Marine Science & Technology,IMAX,IMAX,D,3D,Flat,,72.2 x 93.2 ft./ 22.0 x 28.4 m.,2012/07/31,N
,TAIWAN,Taichung,,National Museum of Natural Science,ES,ES,D,2D,Dome,304.0,75.5 ft./ 23.0 m.,1986/01,N
,TAIWAN,Taichung,,Taichung FE VieShow IMAX Cinema,IMAX,IMAX,D,3D,Flat,403.0,30.7 x 59.9 ft./ 9.4 x 18.3 m.,2011/12/30,CM
,TAIWAN,Taichung,,Vie Show Cinemas Taichung Tiger City IMAX,IMAX,IMAX,D,3D,Flat,307.0,28.1 x 50.5 ft./ 8.6 x 15.4 m.,2011/11/25,CM
,TAIWAN,Tainan,,Vie Show T.S. Dream Mall & IMAX,IMAX,IMAX,D,3D,Flat,,39.9 x 71.5 ft./ 12.2 x 21.8 m.,2015/01/26,CM
,TAIWAN,Taipei,,"Miramar IMAX, Miramar Cinemas",IMAX,IMAX,DL2,3D,Flat,406.0,69.4 x 94.5 ft./ 21.2 x 28.4 m.,2004/11/19,CM
,TAIWAN,Taipei,,Sun VieShow IMAX,IMAX,IMAX,D,3D,Flat,623.0,37.1 x 69.1 ft./ 11.3 x 21.1 m.,2009/04/03,CM
,TAIWAN,Taipei,,Taipei Astronomical Museum,GI,GI,D,3D,Dome,304.0,82.0 ft./ 25.0 m.,1997/02/05,N
,TAIWAN,Taipei,,VieShow Cinemas Banqiao Mega City IMAX,IMAX,IMAX,D,3D,Flat,427.0,37.6 x 70.0 ft./ 11.5 x 21.3 m.,2011,CM
,TAIWAN,Taoyuan City,,Taoyuan Taimall Miramar & IMAX,IMAX,IMAX,D,3D,Flat,,32.0 x 58.3 ft./ 9.8 x 17.8 m.,2016/12/29,CM
,TAIWAN,Hualein,Taiwan,Hualien Paradiso VieSho,IMAX,IMAX,DL,3D,Flat,,39.5 x 70.0 ft./ 12.0 x 21.3 m.,2018/12/26,CM
,THAILAND,Bangkok,,IMAX Quartier Cine-Art,IMAX,IMAX,D,3D,Flat,,44.9 x 84.3 ft./ 13.7 x 25.7 m.,2015/04/30,CM
,THAILAND,Bangkok,,KrungSri IMAX Paragon CinePlex,IMAX,IMAX,1570+D,3D,Flat,491.0,65.4 x 89.4 ft./ 19.9 x 27.3 m.,1998/11/26,CM
,THAILAND,Bangkok,,"Krungsri IMAX, Major Cineplex Ratchayothin",IMAX,IMAX,D,3D,Flat,467.0,55.8 x 78.7 ft./ 17.0 x 24.0 m.,2010/09/09,CM
,THAILAND,Bangkok,,Major Cineplex Icon Siam Bangkok,IMAX,IMAX,D,3D,Flat,,46.1 x 80.0 ft./ 14.1 x 24.4 m.,2018,CM
,THAILAND,Chiangmai,,"Krungsri IMAX, Major Cineplex Central Festival Chiangmai",IMAX,IMAX,D,3D,Flat,424.0,49.2 x 88.6 ft./ 15.0 x 27.0 m.,2013/11/14,CM
,THAILAND,Nonthaburi,,Westgate Cineplex & IMAX,IMAX,IMAX,D,3D,Flat,,43.3 x 76.0 ft./ 13.2 x 23.2 m.,2015/08/29,CM
,TRINIDAD,Port of Spain,,Digicel IMAX,IMAX,IMAX,D,3D,Flat,360.0,40.0 x 70.0 ft./ 12.2 x 21.3 m.,2011/08/26,C
,TURKEY,Adana,,Cinemaximum M1 Adana & IMAX,IMAX,IMAX,D,3D,Flat,,32.5 x 60.5 ft./ 9.9 x 18.4 m.,2018/10/19,CM
,TURKEY,Ankara,,Cinemaximum ANKAmall LG & IMAX,IMAX,IMAX,D,3D,Flat,294.0,52.9 x 70.0 ft./ 16.1 x 21.3 m.,2000/01/22,CM
,TURKEY,Bursa,,Cinemaximum Sur Yapi Marka & IMAX,IMAX,IMAX,D,3D,Flat,,42.5 x 74.1 ft./ 13.0 x 22.6 m.,2017/12/13,CM
,TURKEY,Istanbul,,Cinemaximum Akasya Acibadem LG & IMAX,IMAX,IMAX,D,3D,Flat,,40.8 x 72.5 ft./ 12.4 x 22.1 m.,2014/03/07,CM
,TURKEY,Istanbul,,Cinemaximum Hilltown & IMAX,IMAX,IMAX,D,3D,Flat,,31.6 x 60.1 ft./ 9.6 x 18.3 m.,2017/11/10,CM
,TURKEY,Istanbul,,Cinemaximum Marmara Park LG & IMAX,IMAX,IMAX,D,3D,Flat,,39.1 x 70.0 ft./ 11.9 x 21.3 m.,2013/03/22,CM
,TURKEY,Istinye-Istanbul,,Cinemaximum IstinyePark LG & IMAX,IMAX,IMAX,D,3D,Flat,311.0,32.7 x 52.3 ft./ 10.0 x 15.9 m.,2007/10/07,CM
,TURKEY,Izmir,,Cinemaximum MaviBahce & IMAX,IMAX,IMAX,D,3D,Flat,,43.4 x 76.7 ft./ 13.2 x 23.4 m.,2015/12/18,CM
,UAE,Abu Dhabi,,VOX Al Maryah & IMAX,IMAX,IMAX,DL,3D,Flat,410.0,,2019/09/04,CM
,UAE,Dubai,,Novo Cinemas Festival City & IMAX,IMAX,IMAX,D,3D,Flat,,33.3 x 60.5 ft./ 10.2 x 18.4 m.,2016/09/05,CM
,UAE,Dubai,,Novo Cinemas Ibn Battuta Mall & IMAX,IMAX,IMAX,D,3D,Flat,348.0,43.0 x 67.7 ft./ 13.1 x 20.6 m.,2005/06/22,CM
,UAE,Dubai,,Novo IMG Dubai & IMAX,IMAX,IMAX,DL2,3D,Flat,,,2019/02/14,CM
,UAE,Dubai,,Vox Cinemas & IMAX,IMAX,IMAX,DL2,3D,Flat,350.0,41.8 x 78.3 ft./ 12.7 x 23.9 m.,2015/09/28,CM
,UAE,Dubai,,VOX Cinemas Mirdif & IMAX,IMAX,IMAX,D,3D,Flat,,,2018/06/07,CM
,UAE,Sharjah,,Cinemacity IMAX zero6,IMAX,IMAX,D,3D,Flat,,,2018/04/10,CM
,UK,Ashton-Under-Lyne,,Cineworld Ashton-under-Lyne & IMAX,IMAX,IMAX,D,3D,Flat,,,2014/07/10,CM
,UK,Basildon,,Cineworld Basildon & IMAX,IMAX,IMAX,D,3D,Flat,,31.6 x 60.0 ft./ 9.6 x 18.3 m.,2015/06/11,CM
,UK,Birmingham,,Cineworld Birmingham & IMAX,IMAX,IMAX,D,3D,Flat,353.0,30.6 x 60.0 ft./ 9.3 x 18.3 m.,2012/10,CM
,UK,Birmingham,,Cineworld Birmingham NEC & IMAX,IMAX,IMAX,D,3D,Flat,,30.7 x 54.7 ft./ 9.4 x 16.7 m.,2015/10/23,CM
,UK,Birmingham,,Empire Birmingham Great Park & IMAX,IMAX,IMAX,D,3D,Flat,,30.1 x 55.8 ft./ 9.2 x 17.0 m.,2015/06/11,CM
,UK,Bradford,,National Media Museum,IMAX,IMAX,D,3D,Flat,349.0,48.0 x 65.0 ft./ 15.9 x 18.9 m.,1983/07/16,N
,UK,Cambridge,,Light Cinema Cambridge & IMAX,IMAX,IMAX,D,3D,Flat,,27.5 x 52.0 ft./ 8.4 x 15.9 m.,2017/07/21,CM
,UK,Cardiff,,ODEON Cardiff & IMAX,IMAX,IMAX,D,3D,Flat,286.0,25.3 x 55.1 ft./ 7.7 x 16.8 m.,2009/12/16,CM
,UK,Cheltenham,,Cineworld Cheltenham & IMAX,IMAX,IMAX,D,3D,Flat,,26.0 x 49.8 ft./ 7.9 x 15.2 m.,2014/11/07,CM
,UK,Chichester,,Cineworld Chichester & IMAX,IMAX,IMAX,D,3D,Flat,,26.6 x 47.9 ft./ 8.1 x 14.6 m.,2014/10/30,CM
,UK,Crawley,,Cineworld Crawley & IMAX,IMAX,IMAX,D,3D,Flat,456.0,36.9 x 65.7 ft./ 11.2 x 20.0 m.,2012/03/09,CM
,UK,Edinburgh,,Cineworld Edinburgh & IMAX,IMAX,IMAX,D,3D,Flat,273.0,34.1 x 60.1 ft./ 10.4 x 18.3 m.,2011/12/21,CM
,UK,Enfield,,Cineworld Enfield & IMAX,IMAX,IMAX,D,3D,Flat,417.0,29.3 x 56.3 ft./ 8.9 x 17.2 m.,2012/10,CM
,UK,Gateshead,,ODEON Gateshead & IMAX,IMAX,IMAX,D,3D,Flat,366.0,32.8 x 62.3 ft./ 10.0 x 19.0 m.,2009/12/16,CM
,UK,Greenhithe,,Showcase Cinemas Bluewater & IMAX,IMAX,IMAX,D,3D,Flat,,28.1 x 52.5 ft./ 8.6 x 16.0 m.,2013/12/13,CM
,UK,Hemel Hempstead,,Cineworld Hemel Hempstead & IMAX,IMAX,IMAX,D,3D,Flat,,31.6 x 59.4 ft./ 9.6 x 18.1 m.,2015/12/17,CM
,UK,Ipswich,,Cineworld Ipswich & IMAX,IMAX,IMAX,D,3D,Flat,403.0,30.2 x 55.8 ft./ 9.2 x 17.0 m.,2012/10/26,CM
,UK,Kingston Upon Thames,,ODEON Kingston & IMAX,IMAX,IMAX,D,3D,Flat,379.0,23.7 x 50.0 ft./ 7.2 x 15.2 m.,2010/12/03,CM
,UK,Leeds,,Cineworld Leeds & IMAX,IMAX,IMAX,D,3D,Flat,,45.4 x 79.3 ft./ 13.8 x 24.2 m.,2017/11/17,CM
,UK,Leeds,,Vue Leeds Kirkstall Road & IMAX,IMAX,IMAX,D,3D,Flat,,27.9 x 50.0 ft./ 8.5 x 15.2 m.,2015/07/30,CM
,UK,Liverpool,,ODEON Liverpool ONE & IMAX,IMAX,IMAX,D,3D,Flat,280.0,32.0 x 58.4 ft./ 9.8 x 17.8 m.,2010/07,CM
,UK,London,,BFI IMAX Theater,IMAX,IMAX,1570+D,3D,Flat,477.0,65.0 x 84.0 ft./ 19.8 x 25.6 m.,1999/05,N
,UK,London,,Cineworld Leicester Square & IMAX,IMAX,IMAX,DL2,3D,Flat,750.0,45.8 x 87.0 ft./ 13.9 x 26.5 m.,2014/05/30,CM
,UK,London,,ODEON Greenwich & IMAX,IMAX,IMAX,D,3D,Flat,286.0,26.0 x 50.0 ft./ 7.9 x 15.2 m.,2008/11/28,CM
,UK,London,,ODEON Swiss Cottage & IMAX,IMAX,IMAX,D,3D,Flat,307.0,29.1 x 57.7 ft./ 8.9 x 17.6 m.,2011/09/16,CM
,UK,London,,"Science Museum, London",IMAX,IMAX,1570+DL2,3D,Flat,450.0,58.1 x 79.7 ft./ 17.7 x 24.3 m.,2000/07/03,N
,UK,Manchester,,Odeon Trafford Centre,IMAX,IMAX,D,3D,Flat,,31.8 x 58.5 ft./ 9.7 x 17.8 m.,2013/11/20,CM
,UK,Manchester,,Vue Manchester IMAX & The Printworks,IMAX,IMAX,DL2,3D,Flat,378.0,61.7 x 86.3 ft./ 18.8 x 26.3 m.,2000/11/10,CM
,UK,Milton Keynes,,ODEON Milton Keynes & IMAX,IMAX,IMAX,D,3D,Flat,,33.8 x 60.8 ft./ 10.3 x 18.5 m.,2015/02/27,CM
,UK,Norwich,,ODEON Norwich & IMAX,IMAX,IMAX,D,3D,Flat,389.0,28.5 x 53.0 ft./ 8.7 x 16.2 m.,2010/10/09,CM
,UK,Nottingham,,Cineworld Nottingham & IMAX,IMAX,IMAX,D,3D,Flat,453.0,29.5 x 56.3 ft./ 9.0 x 17.2 m.,2012/12/14,CM
,UK,Penrith,,Rheged Centre,CHRIS,CHRIS,D,3D,Flat,250.0,60.0 x 80.0 ft./ 18.3 x 24.4 m.,2000/07,C
,UK,Perth,,Perth Playhouse & IMAX,IMAX,IMAX,D,3D,Flat,,23.5 x 47.6 ft./ 7.2 x 14.5 m.,2014/07/05,CM
,UK,Renfrew,,ODEON Braehead & IMAX,IMAX,IMAX,D,3D,Flat,333.0,29.7 x 53.8 ft./ 9.1 x 16.4 m.,2010/11/19,CM
,UK,Sheffield,,Cineworld Sheffield & IMAX,IMAX,IMAX,DL2,3D,Flat,585.0,42.4 x 78.4 ft./ 12.9 x 23.9 m.,2012/03/09,CM
,UK,South Wirral,,Vue Cheshire Oaks & IMAX,IMAX,IMAX,D,3D,Flat,,32.0 x 57.1 ft./ 9.8 x 17.4 m.,2000/01/15,CM
,UK,Southampton,,ODEON Southampton & IMAX,IMAX,IMAX,D,3D,Flat,333.0,28.5 x 54.1 ft./ 8.7 x 16.5 m.,2010/03/26,CM
,UK,Stevenage,,Cineworld Stevenage & IMAX,IMAX,IMAX,D,3D,Flat,,28.2 x 52.5 ft./ 8.6 x 16.0 m.,2014/07/10,CM
,UK,Swindon,,Empire Swindon & IMAX,IMAX,IMAX,D,3D,Flat,260.0,26.6 x 48.0 ft./ 8.1 x 14.6 m.,2016/03/25,CM
,UK,Telford,,Cineworld Telford & IMAX,IMAX,IMAX,D,3D,Flat,,27.9 x 50.7 ft./ 8.5 x 15.5 m.,2014/08/07,CM
,UK,Uxbridge,,ODEON Uxbridge & IMAX,IMAX,IMAX,D,3D,Flat,275.0,24.4 x 50.0 ft./ 7.4 x 15.2 m.,2010/11/12,CM
,UK,Wallsend,,ODEON Silverlink & IMAX,IMAX,IMAX,D,3D,Flat,,32.3 x 57.4 ft./ 9.8 x 17.5 m.,2017/11/27,CM
,UK,Watford,,Cineworld Watford & IMAX,IMAX,IMAX,DL,3D,Flat,,,2018/11,CM
,UK,Wimbledon,,ODEON Wimbledon & IMAX,IMAX,IMAX,D,3D,Flat,343.0,26.0 x 50.0 ft./ 7.9 x 15.2 m.,2008/11/29,CM
,UK,York,,Cineworld York & IMAX,IMAX,IMAX,DL,3D,Flat,,,2019/12/13,CM
,UK,Broughton,Flintshire,Cineworld Broughton & IMAX,IMAX,IMAX,D,3D,Flat,,28.9 x 53.7 ft./ 8.8 x 16.4 m.,2015/05/08,CM
,UKRAINE,Dnieper,,Multiplex & IMAX,IMAX,IMAX,D,3D,Flat,,42.2 x 73.5 ft./ 12.9 x 22.4 m.,2016/12/14,CM
,UKRAINE,Kharkiv,,Planeta Kino IMAX,IMAX,IMAX,D,3D,Flat,378.0,,2012/12/20,CM
,UKRAINE,Kiev,,Multiplex Lavina Mall & IMAX,IMAX,IMAX,DL,3D,Flat,,,2020/01,CM
,UKRAINE,Kiev,,Planeta Kino Kyiv & IMAX,IMAX,IMAX,D,3D,Flat,326.0,44.3 x 69.2 ft./ 13.5 x 21.1 m.,2008/09/20,CM
,Ukraine,Kiev,,Planeta Kino River Mall & IMAX,IMAX,IMAX,DL,3D,Flat,,,2021,CM
,UKRAINE,Lviv,,Planeta Kino LVIV & IMAX,IMAX,IMAX,D,3D,Flat,374.0,39.5 x 69.7 ft./ 12.0 x 21.2 m.,2010/12/16,CM
,UKRAINE,Odessa,,Planeta Kino & IMAX Odessa,IMAX,IMAX,D,3D,Flat,,39.7 x 70.0 ft./ 12.1 x 21.3 m.,2014/05/15,CM
,UKRAINE,Yalta,,Planeta Kino IMAX Yalta,IMAX,IMAX,D,3D,Flat,,39.0 x 70.0 ft./ 11.9 x 21.3 m.,2013/05/26,CM
,USA,Anchorage,AK,Regal Tikahtnu Commons Stadium 16 & IMAX,IMAX,IMAX,D,3D,Flat,350.0,40.0 x 70.0 ft./ 12.2 x 21.3 m.,2010/06/11,CM
,USA,Fairbanks,AK,Regal Goldstream 16 & IMAX,IMAX,IMAX,D,3D,Flat,250.0,27.6 x 52.2 ft./ 8.4 x 15.9 m.,2010/06/30,CM
,USA,Birmingham,AL,McWane Science Center,IMAX,IMAX,DL,2D,Dome,280.0,78.7 ft./ 24.0 m.,1998/07/11,N
,USA,Hoover,AL,AMC Patton Creek 15 & IMAX,IMAX,IMAX,D,3D,Flat,338.0,32.8 x 61.4 ft./ 10.0 x 18.7 m.,2010/11/19,CM
,USA,Huntsville,AL,AMC Valley Bend 18 & IMAX,IMAX,IMAX,D,3D,Flat,338.0,34.6 x 60.5 ft./ 10.5 x 18.5 m.,2011/05/03,CM
,USA,Huntsville,AL,U.S. Space & Rocket Center,ES,ES,DL5,2D,Dome,248.0,67.0 ft./ 20.4 m.,1982/12/19,N
,USA,Mobile,AL,Gulf Coast Exploreum Science Center,D3D,D3D,DL3,2D,Dome,177.0,58.8 ft./ 20.4 m.,1998/10/10,N
,USA,Montgomery,AL,AMC Festival Plaza 16 & IMAX,IMAX,IMAX,D,3D,Flat,,26.6 x 47.9 ft./ 8.1 x 14.6 m.,2013/12/20,CM
,USA,Tuscaloosa,AL,CMX Hollywood 16 & IMAX,IMAX,IMAX,D,3D,Flat,306.0,27.8 x 54.3 ft./ 8.5 x 16.6 m.,2011/03/11,CM
,USA,Fayetteville,AR,Malco Razorback & IMAX,IMAX,IMAX,D,3D,Flat,,28.8 x 51.8 ft./ 8.8 x 15.8 m.,2017/12/14,CM
,USA,Little Rock,AR,AMC Chenal 9 & IMAX,IMAX,IMAX,D,3D,Flat,375.0,42.3 x 69.9 ft./ 12.9 x 21.3 m.,2008/06/06,CM
,USA,Glendale,AZ,AMC Westgate 20 & IMAX,IMAX,IMAX,D,3D,Flat,409.0,33.5 x 60.7 ft./ 10.2 x 18.5 m.,2009/12/18,CM
,USA,Grand Canyon,AZ,National Geographic Visitor Center at the Grand Canyon,IMAX,IMAX,1570,2D,Flat,487.0,59.0 x 78.0 ft./ 18.0 x 23.8 m.,1984/06/15,C
,USA,Mesa,AZ,AMC Supersition East 12 & IMAX,IMAX,IMAX,D,3D,Flat,260.0,35.1 x 58.1 ft./ 10.7 x 17.7 m.,2007/10/05,CM
,USA,Phoenix,AZ,AMC Deer Valley 17 & IMAX,IMAX,IMAX,D,3D,Flat,296.0,28.5 x 51.3 ft./ 8.7 x 15.6 m.,2005/06/15,CM
,USA,Phoenix,AZ,AMC Desert Ridge 18 & IMAX,IMAX,IMAX,D,3D,Flat,283.0,29.2 x 53.1 ft./ 8.9 x 16.2 m.,2009/11/13,CM
,USA,Phoenix,AZ,Arizona Science Center,BARCO,BARCO,D,3D,Flat,285.0,49.0 x 68.0 ft./ 14.9 x 20.7 m.,1997/04/05,N
,USA,Surprise,AZ,AMC Surprise Pointe 14 & IMAX,IMAX,IMAX,D,3D,Flat,,27.0 x 49.5 ft./ 8.2 x 15.1 m.,2013/06/14,CM
,USA,Tempe,AZ,Harkins Arizona Mills 25 & IMAX,IMAX,IMAX,1570+D,3D,Flat,412.0,60.1 x 80.1 ft./ 18.3 x 24.4 m.,1998/03/05,CM
,USA,Tucson,AZ,AMC Foothills 15 & IMAX,IMAX,IMAX,D,3D,Flat,342.0,24.0 x 47.5 ft./ 7.3 x 14.5 m.,2010/09/03,CM
,USA,Alhambra,CA,Edwards Renaissance Stadium 14 & IMAX,IMAX,IMAX,D,3D,Flat,350.0,33.0 x 50.5 ft./ 10.1 x 15.4 m.,2009/10/30,CM
,USA,Aliso Viejo,CA,Edwards Aliso Viejo Stadium 20 & IMAX,IMAX,IMAX,D,3D,Flat,384.0,34.0 x 54.0 ft./ 10.4 x 16.5 m.,2009/03/06,CM
,USA,Arcadia,CA,AMC Santa Anita 16 & IMAX,IMAX,IMAX,D,3D,Flat,267.0,33.0 x 52.0 ft./ 10.1 x 15.9 m.,2008/11/24,CM
,USA,Bakersfield,CA,Reading Cinemas Valley Plaza 16 & IMAX,IMAX,IMAX,D,3D,Flat,,32.5 x 58.3 ft./ 9.9 x 17.8 m.,2015/12/17,CM
,USA,Brentwood,CA,AMC Brentwood 14 & IMAX,IMAX,IMAX,D,3D,Flat,353.0,35.2 x 57.7 ft./ 10.7 x 17.6 m.,2011/04/29,CM
,USA,Burbank,CA,AMC Burbank 16 & IMAX,IMAX,IMAX,DL,3D,Flat,406.0,37.0 x 63.0 ft./ 11.3 x 19.2 m.,2008/10/03,CM
,USA,Camarillo,CA,Edwards Camarillo Palace Stadium 12 & IMAX,IMAX,IMAX,D,3D,Flat,230.0,29.0 x 48.0 ft./ 8.8 x 14.6 m.,2009/02/27,CM
,USA,Concord,CA,Veranda Luxe & IMAX,IMAX,IMAX,D,3D,Flat,,42.5 x 74.6 ft./ 13.0 x 22.7 m.,2017/12/14,CM
,USA,Covina,CA,AMC Covina 30 & IMAX,IMAX,IMAX,D,3D,Flat,375.0,27.8 x 54.3 ft./ 8.5 x 16.6 m.,2009/09/11,CM
,USA,Daly City,CA,Century 20 Daly City,IMAX,IMAX,DL,3D,Flat,,,2019/10/05,CM
,USA,Dublin,CA,Regal Hacienda Crossings Stadium 21 & IMAX,IMAX,IMAX,1570+D,3D,Flat,385.0,55.8 x 76.4 ft./ 17.0 x 23.3 m.,2000/05/05,CM
,USA,El Cajon,CA,Regal Parkway Plaza 18 & IMAX,IMAX,IMAX,D,3D,Flat,316.0,27.5 x 50.6 ft./ 8.4 x 15.4 m.,2011/03/25,CM
,USA,El Dorado Hills,CA,Regal El Dorado Hills Stadium 14 & IMAX,IMAX,IMAX,D,3D,Flat,290.0,31.5 x 49.5 ft./ 9.6 x 15.1 m.,2008/10/24,CM
,USA,Emeryville,CA,AMC Bay Street 16 & IMAX,IMAX,IMAX,DL,3D,Flat,309.0,28.9 x 49.5 ft./ 8.8 x 15.1 m.,2008/10/17,CM
,USA,Escondido,CA,Regal Escondido Stadium 16 & IMAX,IMAX,IMAX,D,3D,Flat,331.0,33.0 x 51.0 ft./ 10.1 x 15.5 m.,2009/02/27,CM
,USA,Fairfield,CA,Edwards Fairfield Stadium 16 & IMAX,IMAX,IMAX,D,3D,Flat,260.0,29.5 x 48.2 ft./ 9.0 x 14.7 m.,2008/10/31,CM
,USA,Fresno,CA,Edwards Fresno Stadium 22 & IMAX,IMAX,IMAX,1570+D,3D,Flat,273.0,52.9 x 70.0 ft./ 16.1 x 21.3 m.,2000/06,CM
,USA,Glendora,CA,AMC Glendora 12 & IMAX,IMAX,IMAX,D,3D,Flat,,32.0 x 52.0 ft./ 9.8 x 15.9 m.,2013/06/14,CM
,USA,Hollywood,CA,TCL Chinese Theatres,IMAX,IMAX,DL2,3D,Flat,932.0,46.0 x 94.0 ft./ 14.0 x 28.7 m.,2013/09/15,CM
,USA,Irvine,CA,Regal Irvine Spectrum 21 & IMAX,IMAX,IMAX,1570+DL,3D,Flat,574.0,67.7 x 88.0 ft./ 20.6 x 26.8 m.,1996/03/15,CM
,USA,Long Beach,CA,Edwards Long Beach Stadium 26 & IMAX,IMAX,IMAX,D,3D,Flat,265.0,33.8 x 54.0 ft./ 10.3 x 16.5 m.,2009/05/07,CM
,USA,Los Angeles,CA,AMC Century City 15 & IMAX,IMAX,IMAX,DL,3D,Flat,271.0,31.0 x 55.0 ft./ 9.5 x 16.8 m.,2008/10/03,CM
,USA,Los Angeles,CA,IMAX Theater,IMAX,IMAX,DL2,3D,Flat,420.0,66.7 x 90.0 ft./ 20.3 x 27.4 m.,1998/02/07,N
,USA,Montclair,CA,AMC DINE-IN Montclair 12 & IMAX,IMAX,IMAX,DL,3D,Flat,,,2021,CM
,USA,National City,CA,AMC Plaza Bonita 14 & IMAX,IMAX,IMAX,D,3D,Flat,276.0,32.8 x 51.0 ft./ 10.0 x 15.5 m.,2009/05/22,CM
,USA,Newark,CA,AMC Newpark 12 & IMAX,IMAX,IMAX,D,3D,Flat,,33.4 x 60.8 ft./ 10.2 x 18.5 m.,2016/02/12,CM
,USA,Norwalk,CA,AMC Norwalk 20 & IMAX,IMAX,IMAX,D,3D,Flat,334.0,27.0 x 54.0 ft./ 8.2 x 16.5 m.,2012/04/13,CM
,USA,Oakland,CA,Chabot Space and Science Center,MEGA,MEGA,870,2D,Dome,205.0,60.0 ft./ 18.3 m.,2000/08/19,N
,USA,Ontario,CA,Edwards Ontario Palace Stadium 22 & IMAX,IMAX,IMAX,1570+D,3D,Flat,480.0,67.0 x 89.0 ft./ 20.4 x 27.1 m.,1997/03/28,CM
,USA,Orange,CA,AMC Orange 30,IMAX,IMAX,DL,3D,Flat,449.0,29.0 x 57.0 ft./ 8.8 x 17.4 m.,2010/08/13,CM
,USA,Rancho Mirage,CA,Regal Rancho Mirage Stadium 16 & IMAX,IMAX,IMAX,D,3D,Flat,,28.4 x 51.0 ft./ 8.7 x 15.5 m.,2014/04/09,CM
,USA,Riverbank,CA,Galaxy Riverbank & IMAX,IMAX,IMAX,D,3D,Flat,,39.7 x 71.0 ft./ 12.1 x 21.6 m.,2016/03/24,CM
,USA,Riverside,CA,AMC Tyler 16 & IMAX,IMAX,IMAX,D,3D,Flat,250.0,36.0 x 57.0 ft./ 11.0 x 17.4 m.,2009/12/18,CM
,USA,Rowland Heights,CA,AMC Puente 20 & IMAX,IMAX,IMAX,DL,3D,Flat,447.0,30.0 x 57.0 ft./ 9.1 x 17.4 m.,2009/06/12,CM
,USA,Sacramento,CA,Esquire IMAX Theatre,IMAX,IMAX,1570+D,3D,Flat,420.0,59.0 x 75.7 ft./ 18.0 x 23.1 m.,1999/07/08,C
,USA,Sacramento,CA,Regal Delta Shores 14 & IMAX,IMAX,IMAX,D,3D,Flat,,30.4 x 54.1 ft./ 9.3 x 16.5 m.,2018/03/08,CM
,USA,San Diego,CA,AMC Mission Valley 20 & IMAX,IMAX,IMAX,D,3D,Flat,260.0,26.0 x 49.5 ft./ 7.9 x 15.1 m.,2010/09/10,CM
,USA,San Diego,CA,AMC Palm Promenade 24 & IMAX,IMAX,IMAX,D,3D,Flat,432.0,32.5 x 58.0 ft./ 9.9 x 17.7 m.,2009/03/20,CM
,USA,San Diego,CA,Edwards Mira Mesa Stadium 18 & IMAX,IMAX,IMAX,D,3D,Flat,314.0,36.0 x 57.5 ft./ 11.0 x 17.5 m.,2007/05/04,CM
,USA,San Diego,CA,Fleet Science Center,IMAX,IMAX,DL,2D,Dome,314.0,76.0 ft./ 23.2 m.,1973/03/10,N
,USA,San Diego,CA,San Diego Natural History Museum,CHRIS,CHRIS,D,3D,Flat,300.0,25.0 x 45.0 ft./ 7.6 x 13.7 m.,2001/03/31,N
,USA,San Francisco,CA,AMC Metreon 16 & IMAX,IMAX,IMAX,1570+DL2,3D,Flat,600.0,75.6 x 97.6 ft./ 23.0 x 29.8 m.,1999/06/16,CM
,USA,San Jose,CA,AMC Eastridge 15 & IMAX,IMAX,IMAX,D,3D,Flat,298.0,29.9 x 51.8 ft./ 9.1 x 15.8 m.,2008/10/03,CM
,USA,San Jose,CA,AMC Saratoga 14 & IMAX,IMAX,IMAX,D,3D,Flat,350.0,29.7 x 55.4 ft./ 9.0 x 16.9 m.,2011/12/15,CM
,USA,San Jose,CA,Tech Interactive,IMAX,IMAX,DL,2D,Dome,295.0,82.0 ft./ 25.0 m.,1998/10/31,N
,USA,San Simeon,CA,Hearst Castle Theater,BARCO,BARCO,DL,2D,Flat,420.0,52.0 x 70.0 ft./ 15.9 x 21.3 m.,1996/08/17,C
,USA,Santa Clara,CA,AMC Mercado 20 & IMAX,IMAX,IMAX,DL,3D,Flat,370.0,31.2 x 57.1 ft./ 9.5 x 17.4 m.,2009/03/20,CM
,USA,Santa Clarita,CA,Edwards Valencia Stadium 12 & IMAX,IMAX,IMAX,D,3D,Flat,262.0,41.0 x 68.5 ft./ 12.5 x 20.9 m.,1999/05,CM
,USA,Simi Valley,CA,Regal Civic Center Stadium 16 & IMAX,IMAX,IMAX,D,3D,Flat,283.0,28.0 x 47.0 ft./ 8.5 x 14.3 m.,2008/11/07,CM
,USA,South Gate,CA,Edwards South Gate Stadium 20 & IMAX,IMAX,IMAX,D,3D,Flat,343.0,37.0 x 58.0 ft./ 11.3 x 17.7 m.,2009/03/27,CM
,USA,Stockton,CA,Regal Stockton City Center Stadium 16 & IMAX,IMAX,IMAX,D,3D,Flat,405.0,31.5 x 52.8 ft./ 9.6 x 16.1 m.,2008/11/07,CM
,USA,Sunnyvale,CA,AMC Dine-In Sunnyvale 12 & IMAX,IMAX,IMAX,DL,3D,Flat,,,2021,CM
,USA,Temecula,CA,Edwards Temecula Stadium 15 & IMAX,IMAX,IMAX,D,3D,Flat,325.0,33.5 x 51.0 ft./ 10.2 x 15.5 m.,2009/11/04,CM
,USA,Torrance,CA,AMC Del Amo 18 & IMAX,IMAX,IMAX,DL,3D,Flat,248.0,32.0 x 52.0 ft./ 9.8 x 15.9 m.,2008/11/07,CM
,USA,Torrance,CA,AMC Rolling Hills 20 & IMAX,IMAX,IMAX,D,3D,Flat,,25.1 x 46.7 ft./ 7.7 x 14.2 m.,2015/05,CM
,USA,Universal City,CA,Universal Cinema AMC at CityWalk Hollywood,IMAX,IMAX,1570+DL2,3D,Flat,422.0,58.2 x 79.0 ft./ 17.7 x 24.1 m.,2000/04/14,CM
,USA,Woodland Hills,CA,AMC Promenade 16 & IMAX,IMAX,IMAX,D,3D,Flat,361.0,27.0 x 51.0 ft./ 8.2 x 15.5 m.,2009/05/07,CM
,USA,Yorba Linda,CA,Regal Yorba Linda 10 & IMAX,IMAX,IMAX,DL,3D,Flat,,,2019,CM
,USA,Aurora,CO,AMC Arapahoe Crossing 16 & IMAX,IMAX,IMAX,D,3D,Flat,335.0,30.0 x 58.0 ft./ 9.1 x 17.7 m.,2011/10/28,CM
,USA,Broomfield,CO,AMC Flatiron Crossing 14 & IMAX,IMAX,IMAX,D,3D,Flat,,28.1 x 45.6 ft./ 8.6 x 13.9 m.,2017/02/16,CM
,USA,Colorado Springs,CO,Cinemark Carefree Circle & IMAX,IMAX,IMAX,D,3D,Flat,263.0,52.9 x 70.0 ft./ 16.1 x 21.3 m.,2000/12/15,CM
,USA,Denver,CO,Denver Museum of Nature and Science,IMAX,IMAX,D,3D,Flat,413.0,40.6 x 64.6 ft./ 12.4 x 19.7 m.,1983/07,N
,USA,Denver,CO,UA Colorado Center Stadium 9 & IMAX,IMAX,IMAX,1570+D,3D,Flat,365.0,42.0 x 71.0 ft./ 12.8 x 21.6 m.,2000/01,CM
,USA,Highlands Ranch,CO,AMC Highlands Ranch 24 & IMAX,IMAX,IMAX,D,3D,Flat,402.0,34.9 x 57.5 ft./ 10.6 x 17.5 m.,2009/05/07,CM
,USA,Lakewood,CO,Regal UA Colorado Mills Stadium 16 & IMAX,IMAX,IMAX,D,3D,Flat,416.0,43.0 x 56.0 ft./ 13.1 x 17.1 m.,2003/04/11,CM
,USA,Parker,CO,Wildlife Experience,NEC,NEC,D,3D,Flat,308.0,45.0 x 60.0 ft./ 13.7 x 18.3 m.,2002/08/31,N
,USA,USAFA,CO,U.S. Air Force Academy,ES,ES,D,,Dome,124.0,50.0 ft./ 15.2 m.,1959,N
,USA,Westminster,CO,AMC Orchards 12 & IMAX,IMAX,IMAX,D,3D,Flat,272.0,32.9 x 51.3 ft./ 10.0 x 15.6 m.,2008/11/07,CM
,USA,Westminster,CO,AMC Westminster Promenade 24 & IMAX,IMAX,IMAX,DL,3D,Flat,421.0,34.8 x 52.3 ft./ 10.6 x 15.9 m.,2009/03/20,CM
,USA,Danbury,CT,AMC Danbury 16 & IMAX,IMAX,IMAX,D,3D,Flat,304.0,27.5 x 49.6 ft./ 8.4 x 15.1 m.,2012/06/22,CM
,USA,Manchester,CT,Buckland Hills 18 & IMAX,IMAX,IMAX,D,3D,Flat,226.0,23.0 x 48.0 ft./ 7.0 x 14.6 m.,2004/11/10,CM
,USA,Milford,CT,Connecticut Post 14 & IMAX,IMAX,IMAX,DL,3D,Flat,363.0,33.2 x 59.7 ft./ 10.1 x 18.2 m.,2010/11/19,CM
,USA,Plainville,CT,AMC Plainville 20 & IMAX,IMAX,IMAX,D,3D,Flat,586.0,35.0 x 60.0 ft./ 10.7 x 18.3 m.,2010/08/13,CM
,USA,Washington,DC,AMC Georgetown 14 & IMAX,IMAX,IMAX,D,3D,Flat,237.0,23.0 x 45.0 ft./ 7.0 x 13.7 m.,2011/08/26,CM
,USA,Washington,DC,National Air and Space Museum,IMAX,IMAX,DL2,3D,Flat,487.0,46.0 x 75.5 ft./ 14.0 x 23.0 m.,1976/07,N
,USA,Wilmington,DE,Penn Cinema Riverfront & IMAX,IMAX,IMAX,D,3D,Flat,300.0,48.0 x 75.0 ft./ 14.6 x 22.9 m.,2012/12/14,CM
,USA,Altamonte,FL,AMC Altamonte Mall 18 & IMAX,IMAX,IMAX,D,3D,Flat,265.0,28.5 x 51.8 ft./ 8.7 x 15.8 m.,2008/09/19,CM
,USA,Aventura,FL,AMC Aventura 24 & IMAX,IMAX,IMAX,DL,3D,Flat,362.0,30.5 x 55.4 ft./ 9.3 x 16.9 m.,2008/09/05,CM
,USA,Brandon,FL,AMC The Regency 20 & IMAX,IMAX,IMAX,D,3D,Flat,295.0,23.6 x 46.9 ft./ 7.2 x 14.3 m.,2010/09/24,CM
,USA,Davenport,FL,Cinepolis Polk County & IMAX,IMAX,IMAX,D,3D,Flat,,32.1 x 58.5 ft./ 9.8 x 17.8 m.,2015/06,CM
,USA,Delray Beach,FL,Frank Delray MarketPlace Stadium 12 & IMAX,IMAX,IMAX,D,3D,Flat,,55.0 x 85.0 ft./ 16.8 x 25.9 m.,2013/02/13,CM
,USA,Destin,FL,AMC Destin Commons 14 & IMAX,IMAX,IMAX,D,3D,Flat,285.0,32.0 x 56.9 ft./ 9.8 x 17.4 m.,2011/02/04,CM
,USA,Fort Lauderdale,FL,Museum of Discovery and Science,IMAX,IMAX,1570+DL2,3D,Flat,294.0,60.0 x 80.0 ft./ 18.3 x 24.4 m.,1992/11/22,N
,USA,Fort Myers,FL,Regal Gulf Coast Town Center 16 & IMAX,IMAX,IMAX,D,3D,Flat,395.0,31.8 x 53.5 ft./ 9.7 x 16.3 m.,2008/11/07,CM
,USA,Jacksonville,FL,AMC Regency 24 & IMAX,IMAX,IMAX,D,3D,Flat,387.0,30.2 x 55.1 ft./ 9.2 x 16.8 m.,2008/09/19,CM
,USA,Kennedy Space Center,FL,IMAX 1,IMAX,IMAX,1570,3D,Flat,395.0,52.0 x 70.0 ft./ 15.9 x 21.3 m.,1984/06/11,C
,USA,Kennedy Space Center,FL,IMAX 2,IMAX,IMAX,DL,3D,Flat,436.0,52.0 x 70.0 ft./ 15.9 x 21.3 m.,1993/11/23,C
,USA,Lakeland,FL,Cobb Lakeside Village 18 Cinemas & IMAX,IMAX,IMAX,D,3D,Flat,349.0,29.6 x 53.3 ft./ 9.0 x 16.3 m.,2010/11/05,CM
,USA,Merritt Island,FL,CMX Merritt Square 16 & IMAX,IMAX,IMAX,D,3D,Flat,298.0,29.2 x 54.4 ft./ 8.9 x 16.6 m.,2011/03/25,CM
,USA,Miami,FL,Carnival Cruise Lines,IMAX,IMAX,D,3D,Flat,187.0,24.1 x 43.3 ft./ 7.3 x 13.2 m.,2018/04/02,C
,USA,Miami,FL,Carnival Vista,IMAX,IMAX,D,3D,Flat,187.0,24.1 x 43.3 ft./ 7.3 x 13.2 m.,2016/05,C
,USA,Miami,FL,CMX Dolphin 19 & IMAX,IMAX,IMAX,D,3D,Flat,318.0,26.8 x 53.1 ft./ 8.2 x 16.2 m.,2011/05/10,CM
,USA,Miami,FL,Regal Kendall Village Stadium 16 & IMAX,IMAX,IMAX,D,3D,Flat,,31.1 x 53.3 ft./ 9.5 x 16.3 m.,2014/02/28,CM
,USA,Miami Beach,FL,Regal South Beach Stadium 18 & IMAX,IMAX,IMAX,D,3D,Flat,,25.8 x 46.4 ft./ 7.9 x 14.1 m.,2014/05/02,CM
,USA,Naples,FL,Regal Naples 4DX & IMAX,IMAX,IMAX,D,3D,Flat,,,2019/04/07,CM
,USA,NAS Pensacola,FL,National Naval Aviation Museum,CHRIS,CHRIS,DL,2D,Flat,534.0,63.0 x 87.0 ft./ 19.2 x 26.5 m.,1996/07,N
,USA,Ocala,FL,Regal Hollywood 16 & IMAX,IMAX,IMAX,D,3D,Flat,260.0,27.0 x 50.0 ft./ 8.2 x 15.2 m.,2013/10/04,CM
,USA,Oldsmar,FL,AMC Woodland Square 20 & IMAX,IMAX,IMAX,D,3D,Flat,375.0,31.2 x 56.4 ft./ 9.5 x 17.2 m.,2009/11/06,CM
,USA,Orange Park,FL,AMC Orange Park 24 & IMAX,IMAX,IMAX,D,3D,Flat,447.0,32.2 x 58.1 ft./ 9.8 x 17.7 m.,2008/09/05,CM
,USA,Orlando,FL,Orlando Science Center,CDC,CDC,1570,2D,Dome,309.0,79.0 ft./ 24.1 m.,1997/02,N
,USA,Orlando,FL,Regal Pointe Orlando Stadium 20 & IMAX,IMAX,IMAX,1570+D,3D,Flat,424.0,64.0 x 84.7 ft./ 19.5 x 25.8 m.,2007/05/04,CM
,USA,Orlando,FL,Regal Waterford Lakes Stadium 20 & IMAX,IMAX,IMAX,D,3D,Flat,380.0,28.9 x 49.9 ft./ 8.8 x 15.2 m.,2009/02/06,CM
,USA,Panama City Beach,FL,Grand Pier Park 16 & IMAX,IMAX,IMAX,D,3D,Flat,307.0,31.7 x 56.4 ft./ 9.7 x 17.2 m.,2011/07/15,CM
,USA,Pembroke Pines,FL,AMC Pembroke Lakes 9 & IMAX,IMAX,IMAX,D,3D,Flat,,33.9 x 60.3 ft./ 10.3 x 18.4 m.,2017/10/30,CM
,USA,Pensacola,FL,AMC Bayou 15 & IMAX,IMAX,IMAX,D,3D,Flat,328.0,34.6 x 60.5 ft./ 10.5 x 18.4 m.,2011/03/11,CM
,USA,Saint Augustine,FL,World Golf Hall of Fame,IMAX,IMAX,D,3D,Flat,299.0,59.2 x 80.0 ft./ 18.0 x 24.4 m.,1998/05/19,N
,USA,Sarasota,FL,AMC Sarasota 12 & IMAX,IMAX,IMAX,D,3D,Flat,261.0,28.0 x 51.4 ft./ 8.5 x 15.7 m.,2011/05/20,CM
,USA,South Miami,FL,AMC Sunset Place 24 & IMAX,IMAX,IMAX,D,3D,Flat,429.0,29.9 x 56.4 ft./ 9.1 x 17.2 m.,2009/05/22,CM
,USA,St. Petersburg,FL,AMC Sundial 20 & IMAX,IMAX,IMAX,DL,3D,Flat,416.0,32.3 x 62.0 ft./ 9.8 x 18.9 m.,2007/05/04,CM
,USA,Sunrise,FL,Regal Sawgrass 23 & IMAX,IMAX,IMAX,D,3D,Flat,375.0,29.9 x 53.5 ft./ 9.1 x 16.3 m.,2010/03/05,CM
,USA,Tallahassee,FL,AMC Tallahassee Mall 20 & IMAX,IMAX,IMAX,D,3D,Flat,366.0,33.1 x 59.4 ft./ 10.1 x 18.1 m.,2009/09/18,CM
,USA,Tallahassee,FL,Challenger Learning Center,IMAX,IMAX,D,3D,Flat,287.0,50.0 x 72.0 ft./ 16.1 x 21.3 m.,2003/03/22,N
,USA,Tampa,FL,AMC Veterans 24 & IMAX,IMAX,IMAX,D,3D,Flat,372.0,32.2 x 54.5 ft./ 9.8 x 16.6 m.,2008/09/05,CM
,USA,West Melbourne,FL,AMC West Melbourne 12 & IMAX,IMAX,IMAX,D,3D,Flat,,34.8 x 64.3 ft./ 10.6 x 19.6 m.,2014/08/13,CM
,USA,West Palm Beach,FL,AMC Rosemary Square 12,IMAX,IMAX,DL,3D,Flat,283.0,30.6 x 54.6 ft./ 9.3 x 16.6 m.,2007/07/11,CM
,USA,Alpharetta,GA,AMC North Point Mall 14 & IMAX,IMAX,IMAX,D,3D,Flat,,29.9 x 53.3 ft./ 9.1 x 16.3 m.,2013/10/31,CM
,USA,Atlanta,GA,Fernbank Museum of Natural History,CHRIS,CHRIS,DL2,3D,Flat,315.0,35.8 x 68.0 ft./ 10.9 x 20.7 m.,1992/10/05,N
,USA,Atlanta,GA,Regal Atlantic Station Stadium 16 & IMAX,IMAX,IMAX,D,3D,Flat,407.0,31.9 x 56.5 ft./ 9.7 x 17.2 m.,2010/12/17,CM
,USA,Augusta,GA,Regal Augusta Exchange Stadium 20 & IMAX,IMAX,IMAX,D,3D,Flat,299.0,28.2 x 47.2 ft./ 8.6 x 14.4 m.,2008/11/07,CM
,USA,Buford,GA,Regal Mall of Georgia Stadium 20 & IMAX,IMAX,IMAX,1570+DL,3D,Flat,400.0,59.4 x 81.5 ft./ 18.1 x 24.8 m.,1999/08/13,CM
,USA,Columbus,GA,AMC Columbus Park 15 & IMAX,IMAX,IMAX,D,3D,Flat,570.0,40.0 x 74.0 ft./ 12.2 x 22.6 m.,2013/12/13,CM
,USA,Columbus,GA,National Infantry Museum,CHRIS,CHRIS,DL2,3D,Flat,295.0,39.0 x 70.0 ft./ 11.9 x 21.3 m.,2009/03/20,N
,USA,Cumming,GA,AMC Avenue Forsyth 12 & IMAX,IMAX,IMAX,D,3D,Flat,270.0,29.0 x 51.9 ft./ 8.8 x 15.8 m.,2011/06/24,CM
,USA,Douglasville,GA,Regal Arbor Place Stadium 18 & IMAX,IMAX,IMAX,D,3D,Flat,305.0,27.0 x 50.0 ft./ 8.2 x 15.2 m.,2012/03/30,CM
,USA,Kennesaw,GA,AMC Barrett Commons 24 & IMAX,IMAX,IMAX,D,3D,Flat,336.0,30.8 x 54.1 ft./ 9.4 x 16.5 m.,2009/04/17,CM
,USA,Lithonia,GA,Stonecrest 16 & IMAX,IMAX,IMAX,D,3D,Flat,305.0,28.6 x 51.7 ft./ 8.7 x 15.8 m.,2011/04/29,CM
,USA,Macon,GA,AmStar 16 & IMAX,IMAX,IMAX,D,3D,Flat,251.0,23.1 x 46.0 ft./ 7.1 x 14.0 m.,2011/06/28,CM
,USA,Morrow,GA,AMC Southlake 24 & IMAX,IMAX,IMAX,D,3D,Flat,423.0,32.5 x 58.4 ft./ 9.9 x 17.8 m.,2009/03/06,CM
,USA,Pooler,GA,Royal Cinemas & IMAX,IMAX,IMAX,D,3D,Flat,350.0,40.0 x 70.0 ft./ 12.2 x 21.3 m.,2012/09/14,CM
,USA,Honolulu,HI,Regal Dole Cannery Stadium 18 & IMAX,IMAX,IMAX,D,3D,Flat,374.0,30.8 x 52.8 ft./ 9.4 x 16.1 m.,2009/02/27,CM
,USA,Laie,HI,Polynesian Cultural Center,CHRIS,CHRIS,D,3D,Flat,463.0,65.0 x 89.0 ft./ 19.8 x 27.1 m.,1991/01/19,C
,USA,Council Bluffs,IA,AMC Star Council Bluffs 17 & IMAX,IMAX,IMAX,D,3D,Flat,346.0,44.0 x 70.0 ft./ 13.4 x 21.3 m.,2008/03/21,CM
,USA,Davenport,IA,Davenport 53 & IMAX,IMAX,IMAX,D,3D,Flat,388.0,28.8 x 54.8 ft./ 8.8 x 16.7 m.,2010/11/19,CM
,USA,Davenport,IA,Putnam Museum and Science Center,BARCO,BARCO,D,3D,Flat,270.0,57.0 x 70.0 ft./ 17.1 x 21.3 m.,2002/03/16,N
,USA,Des Moines,IA,Science Center of Iowa,IMAX,IMAX,1570,2D,Dome,222.0,65.6 ft./ 20.0 m.,2005/05/14,N
,USA,Waukee,IA,The Palms Theatre & IMAX,IMAX,IMAX,DL2,3D,Flat,,60.0 x 86.0 ft./ 18.3 x 26.2 m.,2018,CM
,USA,Boise,ID,Edwards Boise Stadium 22 & IMAX,IMAX,IMAX,1570+D,3D,Flat,268.0,59.9 x 70.0 ft./ 18.3 x 21.3 m.,1999/04/30,CM
,USA,Bloomington,IL,Marcus Bloomington Galaxy 14 &,IMAX,IMAX,D,3D,Flat,356.0,36.8 x 65.8 ft./ 11.2 x 20.1 m.,2015/04,CM
,USA,Chicago,IL,Adler Planetarium and Astronomy Museum,ES,ES,D,2D,Dome,199.0,70.0 ft./ 21.3 m.,2011/07,N
,USA,Chicago,IL,Museum of Science and Industry,D3D,D3D,DL3,2D,Dome,353.0,74.0 ft./ 22.6 m.,1986/06/20,N
,USA,Chicago,IL,Regal City North Stadium 14 & IMAX,IMAX,IMAX,D,3D,Flat,,29.6 x 50.7 ft./ 9.0 x 15.5 m.,2013/10/25,CM
,USA,Edwardsville,IL,AMC Edwardsville 12 & IMAX,IMAX,IMAX,D,3D,Flat,274.0,27.5 x 51.5 ft./ 8.4 x 15.7 m.,2011/12/15,CM
,USA,Hodgkins,IL,AMC Quarry 14 & IMAX,IMAX,IMAX,D,3D,Flat,242.0,25.9 x 49.9 ft./ 7.9 x 15.2 m.,2009/10/16,CM
,USA,Lincolnshire,IL,Regal Lincolnshire Stadium 21 & IMAX,IMAX,IMAX,D,3D,Flat,128.0,52.9 x 70.0 ft./ 16.1 x 21.3 m.,1998/11/13,CM
,USA,Lombard,IL,AMC DINE-IN Yorktown 18,IMAX,IMAX,D,3D,Flat,342.0,25.3 x 49.9 ft./ 7.7 x 15.2 m.,2010/09/24,CM
,USA,Naperville,IL,AMC Naperville 16 & IMAX,IMAX,IMAX,D,3D,Flat,284.0,27.3 x 50.8 ft./ 8.3 x 15.5 m.,2010/11/05,CM
,USA,New Lenox,IL,AMC Showplace New Lenox 14 & IMAX,IMAX,IMAX,D,3D,Flat,236.0,25.4 x 46.0 ft./ 7.7 x 14.0 m.,2011/06/24,CM
,USA,Niles,IL,AMC Niles 12 & IMAX,IMAX,IMAX,D,3D,Flat,388.0,33.4 x 62.8 ft./ 10.2 x 19.1 m.,2012/11/08,CM
,USA,Oak Brook,IL,AMC Oakbrook 12 & IMAX,IMAX,IMAX,D,3D,Flat,,29.8 x 53.4 ft./ 9.1 x 16.3 m.,2016/10/21,CM
,USA,Peoria,IL,AMC Grand Prairie 18 & IMAX,IMAX,IMAX,D,3D,Flat,341.0,30.0 x 60.0 ft./ 9.1 x 18.3 m.,2011/04/29,CM
,USA,Peoria,IL,Peoria Riverfront Museum,GI,GI,D,3D,Flat,200.0,52.0 x 70.0 ft./ 21.3 x 15.8 m.,2012/10/20,N
,USA,Rockford,IL,AMC Rockford 16 & IMAX,IMAX,IMAX,D,3D,Flat,251.0,40.0 x 70.0 ft./ 12.2 x 21.3 m.,2011/12/15,CM
,USA,Schaumburg,IL,AMC Streets of Woodfield & IMAX,IMAX,IMAX,D,3D,Flat,303.0,27.9 x 50.9 ft./ 8.5 x 15.5 m.,2010/09/03,CM
,USA,Skokie,IL,AMC Village Crossing 18 & IMAX,IMAX,IMAX,D,3D,Flat,363.0,29.9 x 53.5 ft./ 9.1 x 16.3 m.,2010/09/24,CM
,USA,South Barrington,IL,AMC South Barrington 30 & IMAX,IMAX,IMAX,D,3D,Flat,439.0,34.1 x 62.7 ft./ 10.4 x 19.1 m.,2009/03/20,CM
,USA,Springfield,IL,AMC Springfield 12 & IMAX,IMAX,IMAX,D,3D,Flat,,25.5 x 46.0 ft./ 7.8 x 14.0 m.,2017/05/27,CM
,USA,Woodridge,IL,Cinemark @ Seven Bridges & IMAX,IMAX,IMAX,1570+D,3D,Flat,252.0,50.0 x 70.0 ft./ 15.2 x 21.3 m.,2000/02/25,CM
,USA,Evansville,IN,Showplace Cinemas East & IMAX,IMAX,IMAX,D,3D,Flat,296.0,44.3 x 69.8 ft./ 13.5 x 21.3 m.,2004/11/19,CM
,USA,Fort Wayne,IN,AMC Jefferson Pointe 18 & IMAX,IMAX,IMAX,D,3D,Flat,312.0,,2011/03/11,CM
,USA,Indianapolis,IN,AMC Castleton Square 14 & IMAX,IMAX,IMAX,D,3D,Flat,,28.5 x 51.2 ft./ 8.7 x 15.6 m.,2017/05/04,CM
,USA,Indianapolis,IN,AMC Indianapolis 17 & IMAX,IMAX,IMAX,D,3D,Flat,351.0,42.0 x 70.0 ft./ 12.8 x 21.3 m.,2007/09,CM
,USA,Indianapolis,IN,AMC Traders Point 12 & IMAX,IMAX,IMAX,D,3D,Flat,280.0,25.9 x 50.1 ft./ 7.9 x 15.3 m.,2011/10/07,CM
,USA,Indianapolis,IN,Indiana State Museum,IMAX,IMAX,1570+D,3D,Flat,404.0,62.0 x 84.0 ft./ 19.2 x 25.6 m.,1996/12/19,N
,USA,Lafayette,IN,Goodrich Eastside 10 Theater,IMAX,IMAX,D,3D,Flat,,,2019/06/14,CM
,USA,Muncie,IN,AMC Muncie 12 & IMAX,IMAX,IMAX,D,3D,Flat,,24.3 x 45.3 ft./ 7.4 x 13.8 m.,2017/10/27,CM
,USA,Schererville,IN,AMC Schererville 16 & IMAX,IMAX,IMAX,D,3D,Flat,301.0,25.3 x 50.0 ft./ 7.7 x 15.2 m.,2011/10/13,CM
,USA,Hutchinson,KS,Cosmosphere,BARCO,BARCO,D,2D,Dome,114.0,44.0 ft./ 13.4 m.,1980/10/26,N
,USA,Kansas City,KS,AMC Legends 14 & IMAX,IMAX,IMAX,D,3D,Flat,,47.6 x 84.0 ft./ 14.5 x 25.6 m.,2016/09/09,CM
,USA,Leawood,KS,AMC Town Center 20 & IMAX,IMAX,IMAX,D,3D,Flat,299.0,27.8 x 50.0 ft./ 8.5 x 15.2 m.,2010/11/12,CM
,USA,Manhattan,KS,AMC Dine-In Manhattan 13 & IMAX,IMAX,IMAX,D,3D,Flat,,40.0 x 75.0 ft./ 12.2 x 22.9 m.,2016/12/15,CM
,USA,Olathe,KS,AMC Studio 28 & IMAX,IMAX,IMAX,D,3D,Flat,288.0,31.5 x 52.2 ft./ 9.6 x 15.9 m.,2005/06/15,CM
,USA,Wichita,KS,"Exploration Place, Inc.",SS,SS,D,2D,Dome,165.0,60.0 ft./ 18.3 m.,2003,N
,USA,Wichita,KS,Regal Warren West 17 & IMAX,IMAX,IMAX,D,3D,Flat,600.0,58.0 x 86.0 ft./ 17.7 x 26.2 m.,2010/12/17,CM
,USA,Lexington,KY,Regal Hamburg Pavilion Stadium,IMAX,IMAX,D,3D,Flat,,26.8 x 46.2 ft./ 8.2 x 14.1 m.,2017/11/03,CM
,USA,Louisville,KY,AMC Stonybrook 20 & IMAX,IMAX,IMAX,D,3D,Flat,207.0,24.0 x 46.8 ft./ 7.3 x 14.3 m.,2004/11/10,CM
,USA,Louisville,KY,Kentucky Science Center,BARCO,BARCO,D,3D,Flat,230.0,41.0 x 58.0 ft./ 12.5 x 17.7 m.,1988/06/23,N
,USA,Newport,KY,AMC Newport On The Levee 20 & IMAX,IMAX,IMAX,D,3D,Flat,349.0,29.8 x 49.3 ft./ 9.1 x 15.0 m.,2009/04/17,CM
,USA,Baton Rouge,LA,AMC Baton Rouge 16 & IMAX,IMAX,IMAX,D,3D,Flat,,33.1 x 60.0 ft./ 10.1 x 18.3 m.,2011/03/11,CM
,USA,Baton Rouge,LA,AMC Mall of Louisiana 15 & IMAX,IMAX,IMAX,D,3D,Flat,330.0,35.0 x 61.0 ft./ 10.7 x 18.6 m.,2011/03/10,CM
,USA,Baton Rouge,LA,Louisiana Art and Science Museum,SS,SS,D,2D,Dome,150.0,60.0 ft./ 18.3 m.,2003/05/24,N
,USA,Bossier City,LA,Regal Louisiana Boardwalk 14 & IMAX,IMAX,IMAX,D,3D,Flat,413.0,38.1 x 60.0 ft./ 11.6 x 18.3 m.,2011/02/16,CM
,USA,Harahan,LA,AMC Elmwood Palace 20 & IMAX,IMAX,IMAX,D,3D,Flat,400.0,37.0 x 59.5 ft./ 11.3 x 18.1 m.,2009/01/23,CM
,USA,Harvey,LA,AMC Westbank Palace 16 & IMAX,IMAX,IMAX,D,3D,Flat,,29.9 x 54.2 ft./ 9.1 x 16.5 m.,2013/12/14,CM
,USA,Kenner,LA,Kenner Planetarium & MegaDome Cinema,EPLAN,EPLAN,870+D,2D,Dome,118.0,55.0 ft./ 16.8 m.,2003/08,N
,USA,Metairie,LA,AMC Clearview Palace 12 & IMAX,IMAX,IMAX,D,3D,Flat,235.0,30.0 x 49.0 ft./ 9.1 x 14.9 m.,2012/03/02,CM
,USA,Shreveport,LA,Sci-Port,IMAX,IMAX,1570,2D,Dome,178.0,60.0 ft./ 18.3 m.,1998/11/12,N
,USA,Slidell,LA,Grand 16 & IMAX,IMAX,IMAX,D,3D,Flat,246.0,31.8 x 51.5 ft./ 9.7 x 15.7 m.,2011/06/28,CM
,USA,Boston,MA,AMC Boston Common 19 & IMAX,IMAX,IMAX,D,3D,Flat,409.0,29.5 x 61.0 ft./ 9.0 x 18.6 m.,2010/05/07,CM
,USA,Boston,MA,Museum of Science Boston,IMAX,IMAX,DL,2D,Dome,335.0,72.0 ft./ 23.2 m.,1987/05/21,N
,USA,Boston,MA,New England Aquarium,BARCO,BARCO,DL2,3D,Flat,378.0,43.0 x 80.0 ft./ 13.1 x 24.4 m.,2001/12/06,N
,USA,Danvers,MA,AMC Liberty Tree Mall 20 & IMAX,IMAX,IMAX,D,3D,Flat,400.0,29.0 x 53.4 ft./ 8.8 x 16.3 m.,2009/06/24,CM
,USA,Dorchester,MA,AMC South Bay 12 & IMAX,IMAX,IMAX,D,3D,Flat,,33.5 x 60.4 ft./ 10.2 x 18.4 m.,2017,CM
,USA,Methuen,MA,AMC Methuen 20 & IMAX,IMAX,IMAX,DL,3D,Flat,315.0,30.7 x 53.9 ft./ 9.4 x 16.4 m.,2009/07/24,CM
,USA,Natick,MA,"Sunbrella IMAX 3D Theater, Jordan's Furniture Natick",IMAX,IMAX,D,3D,Flat,264.0,52.9 x 68.0 ft./ 16.1 x 20.7 m.,2002/08/22,C
,USA,Randolph,MA,Showcase Cinema de Lux Randolph & IMAX,IMAX,IMAX,D,3D,Flat,441.0,27.7 x 55.0 ft./ 8.5 x 16.8 m.,2010/10/21,CM
,USA,Reading,MA,"Sunbrella IMAX 3D Theater, Jordan's Furniture Reading",IMAX,IMAX,DL2,3D,Flat,502.0,65.5 x 84.4 ft./ 20.0 x 25.7 m.,2004/10/29,C
,USA,Somerville,MA,AMC Assembly Row 12 & IMAX,IMAX,IMAX,D,3D,Flat,,30.8 x 55.1 ft./ 9.4 x 16.8 m.,2014/04/24,CM
,USA,Baltimore,MD,AMC White Marsh 16 & IMAX,IMAX,IMAX,D,3D,Flat,445.0,28.0 x 53.0 ft./ 8.5 x 16.2 m.,2008/09/05,CM
,USA,Baltimore,MD,Maryland Science Center,IMAX,IMAX,D,3D,Flat,400.0,54.5 x 72.0 ft./ 16.6 x 22.0 m.,1987/06/20,N
,USA,Columbia,MD,AMC Columbia 14 & IMAX,IMAX,IMAX,DL,3D,Flat,271.0,24.0 x 52.0 ft./ 7.3 x 15.9 m.,2008/07/18,CM
,USA,Frederick,MD,Regal Westview Stadium 16 & IMAX,IMAX,IMAX,D,3D,Flat,280.0,25.2 x 46.8 ft./ 7.7 x 14.3 m.,2011/10/28,CM
,USA,Gaithersburg,MD,AMC DINE-IN Rio Cinemas 18,IMAX,IMAX,DL,3D,Flat,248.0,27.0 x 45.0 ft./ 8.2 x 13.7 m.,2011/06/17,CM
,USA,Gambrills,MD,Regal Waugh Chapel Stadium 12 & IMAX,IMAX,IMAX,D,3D,Flat,369.0,34.0 x 56.0 ft./ 10.4 x 17.1 m.,2012/09/14,CM
,USA,Largo,MD,AMC Magic Johnson Capital Center 12 & IMAX,IMAX,IMAX,D,3D,Flat,322.0,33.0 x 60.1 ft./ 10.1 x 18.3 m.,2012/02/10,CM
,USA,Owings Mills,MD,AMC Owings Mills 17 & IMAX,IMAX,IMAX,D,3D,Flat,230.0,24.0 x 45.0 ft./ 7.3 x 13.7 m.,2012/02/10,CM
,USA,Silver Spring,MD,Regal Majestic Cinema 20 & IMAX,IMAX,IMAX,D,3D,Flat,434.0,32.0 x 65.0 ft./ 9.8 x 19.8 m.,2010/11/19,CM
,USA,Auburn Hills,MI,AMC Star Great Lakes 25 & IMAX,IMAX,IMAX,D,3D,Flat,494.0,30.8 x 59.7 ft./ 9.4 x 18.2 m.,2009/10/16,CM
,USA,Dearborn,MI,AMC Star Fairlane 21 & IMAX,IMAX,IMAX,D,3D,Flat,303.0,28.6 x 54.5 ft./ 8.7 x 16.6 m.,2012/12/14,CM
,USA,Dearborn,MI,The Henry Ford,CHRIS,CHRIS,D,3D,Flat,422.0,62.0 x 85.0 ft./ 18.9 x 25.9 m.,1999/11/19,N
,USA,Detroit,MI,Michigan Science Center,IMAX,IMAX,1570,2D,Dome,238.0,67.5 ft./ 20.6 m.,2012/12/26,N
,USA,Grand Blanc,MI,NCG Trillium & IMAX,IMAX,IMAX,D,3D,Flat,327.0,40.0 x 70.0 ft./ 12.2 x 21.3 m.,2007/10/16,CM
,USA,Grand Rapids,MI,Celebration! Cinema Grand Rapids North & IMAX,IMAX,IMAX,1570+D,3D,Flat,281.0,52.9 x 70.0 ft./ 16.1 x 21.3 m.,2001/11/16,CM
,USA,Lansing,MI,Celebration! Cinema & IMAX,IMAX,IMAX,D,3D,Flat,330.0,45.0 x 70.0 ft./ 13.4 x 21.3 m.,2003/11/25,CM
,USA,Livonia,MI,AMC Livonia 20 & IMAX,IMAX,IMAX,D,3D,Flat,320.0,29.9 x 54.5 ft./ 9.1 x 16.6 m.,2009/10/02,CM
,USA,Portage,MI,Celebration! Cinema Crossroads & IMAX,IMAX,IMAX,D,3D,Flat,270.0,42.0 x 64.0 ft./ 12.8 x 19.5 m.,2012/05/23,CM
,USA,Sterling Heights,MI,AMC Forum 30 & IMAX,IMAX,IMAX,D,3D,Flat,259.0,33.0 x 51.0 ft./ 10.1 x 15.5 m.,2005/07/22,CM
,USA,Traverse City,MI,AMC Cherry Blossom 14 & IMAX,IMAX,IMAX,D,3D,Flat,,35.9 x 64.4 ft./ 10.9 x 19.6 m.,2015/12/17,CM
,USA,Ypsilanti,MI,Ann Arbor 20 & IMAX,IMAX,IMAX,D,3D,Flat,422.0,28.4 x 54.7 ft./ 8.7 x 16.7 m.,2006/05/12,CM
,USA,Eden Prairie,MN,AMC Eden Prairie Mall 18 & IMAX,IMAX,IMAX,D,3D,Flat,249.0,26.1 x 47.3 ft./ 8.0 x 14.4 m.,2010/08/13,CM
,USA,Edina,MN,AMC Southdale 16 & IMAX,IMAX,IMAX,D,3D,Flat,340.0,29.9 x 54.1 ft./ 9.1 x 16.5 m.,2009/11/06,CM
,USA,Hibbing,MN,Hibbing Community College,MEGA,MEGA,870,2D,Dome,60.0,40.6 ft./ 12.4 m.,1994,N
,USA,Maple Grove,MN,AMC Arbor Lakes 16 & IMAX,IMAX,IMAX,D,3D,Flat,372.0,30.5 x 54.8 ft./ 9.3 x 16.7 m.,2010/11/05,CM
,USA,Rochester,MN,Marcus Galaxy Cine 14 & IMAX,IMAX,IMAX,D,3D,Flat,,36.1 x 65.8 ft./ 11.0 x 20.1 m.,2015/11/05,CM
,USA,Roseville,MN,AMC Rosedale 14 & IMAX,IMAX,IMAX,DL,3D,Flat,271.0,28.9 x 51.5 ft./ 8.8 x 15.7 m.,2009/05/22,CM
,USA,Saint Paul,MN,Science Museum of Minnesota,IMAX,IMAX,DL,2D,Both,340.0,66.0 x 90.0 ft./ 20.1 x 27.4 m.,1999/12/11,N
,USA,Branson,MO,Branson's IMAX Entertainment Complex,IMAX,IMAX,DL2,3D,Flat,380.0,62.3 x 84.0 ft./ 19.0 x 25.6 m.,1993/09/15,C
,USA,Chesterfield,MO,AMC Chesterfield 14 & IMAX,IMAX,IMAX,D,3D,Flat,271.0,28.8 x 51.5 ft./ 8.8 x 15.7 m.,2011/06/24,CM
,USA,Independence,MO,AMC Independence Commons 20 & IMAX,IMAX,IMAX,D,3D,Flat,282.0,24.9 x 49.9 ft./ 7.6 x 15.2 m.,2009/06/19,CM
,USA,Kansas City,MO,AMC BarryWoods 24 & IMAX,IMAX,IMAX,DL,3D,Flat,432.0,33.0 x 58.0 ft./ 10.1 x 17.7 m.,2008/09/19,CM
,USA,Kansas City,MO,Union Station Kansas City,BARCO,BARCO,D,3D,Flat,440.0,47.8 x 77.0 ft./ 14.6 x 23.5 m.,1999/11/20,N
,USA,Saint Louis,MO,Saint Louis Science Center,IMAX,IMAX,DL,2D,Dome,270.0,79.0 ft./ 24.1 m.,1991/11,N
,USA,Sappington,MO,Marcus Ronnies 20 Cine & IMAX,IMAX,IMAX,D,3D,Flat,270.0,52.5 x 69.9 ft./ 16.0 x 21.3 m.,2005/11/18,CM
,USA,Springfield,MO,AMC Springfield 11 & IMAX,IMAX,IMAX,D,3D,Flat,300.0,42.0 x 70.0 ft./ 12.8 x 21.3 m.,2011/11/18,CM
,USA,Jackson,MS,Davis Planetarium,KM,KM,D,2D,Dome,190.0,60.0 ft./ 18.3 m.,2000/09,N
,USA,Madison,MS,Malco Grandview Cinema & IMAX,IMAX,IMAX,D,3D,Flat,,,2019/12/13,CM
,USA,Billings,MT,AMC Shiloh 14 & IMAX,IMAX,IMAX,D,3D,Flat,,28.2 x 52.3 ft./ 8.6 x 15.9 m.,2015/12/04,CM
,USA,Missoula,MT,AMC Missoula 12 & IMAX,IMAX,IMAX,D,3D,Flat,,36.4 x 64.8 ft./ 11.1 x 19.8 m.,2015/12/17,CM
,USA,West Yellowstone,MT,Yellowstone Giant Screen Theatre,NEC,NEC,D,2D,Flat,356.0,56.9 x 76.8 ft./ 17.3 x 23.4 m.,1994/06/19,C
,USA,Cary,NC,Regal Crossroads Stadium 20 & IMAX,IMAX,IMAX,D,3D,Flat,238.0,25.6 x 47.9 ft./ 7.8 x 14.6 m.,2010/09/10,CM
,USA,Charlotte,NC,AMC Northlake 14 & IMAX,IMAX,IMAX,D,3D,Flat,272.0,28.3 x 51.8 ft./ 8.6 x 15.8 m.,2012/10/05,CM
,USA,Charlotte,NC,Discovery Place,IMAX,IMAX,1570,2D,Dome,280.0,79.0 ft./ 24.1 m.,1991/11/02,N
,USA,Charlotte,NC,Regal Stonecrest at Pipers Glen Stadium 22 & IMAX,IMAX,IMAX,D,3D,Flat,282.0,25.6 x 48.2 ft./ 7.8 x 14.7 m.,2009/03/27,CM
,USA,Concord,NC,AMC Concord Mills 24 & IMAX,IMAX,IMAX,D,3D,Flat,270.0,26.9 x 48.2 ft./ 8.2 x 14.7 m.,2009/06/19,CM
,USA,Durham,NC,AMC Southpoint 17 & IMAX,IMAX,IMAX,D,3D,Flat,322.0,34.5 x 62.5 ft./ 10.5 x 19.1 m.,2011/05/13,CM
,USA,Fayetteville,NC,AMC Fayetteville 14 & MAX,IMAX,IMAX,D,3D,Flat,,35.7 x 65.8 ft./ 10.9 x 20.1 m.,2014/11/20,CM
,USA,High Point,NC,Regal Palladium Stadium 14 & IMAX,IMAX,IMAX,D,3D,Flat,279.0,29.8 x 50.0 ft./ 9.1 x 15.2 m.,2011/12/15,CM
,USA,Raleigh,NC,Marbles Kids Museum,IMAX,IMAX,D,3D,Flat,267.0,52.0 x 70.0 ft./ 16.1 x 21.3 m.,2001/11/16,N
,USA,Wilmington,NC,Regal Mayfaire Stadium 16 & IMAX,IMAX,IMAX,D,3D,Flat,296.0,29.5 x 48.9 ft./ 9.0 x 14.9 m.,2012/06/15,CM
,USA,Winston-Salem,NC,Grand 18 & IMAX,IMAX,IMAX,D,3D,Flat,352.0,32.9 x 58.7 ft./ 10.0 x 17.9 m.,2011/06/28,CM
,USA,Hastings,NE,Hastings Museum,NEC,NEC,D,3D,Flat,211.0,52.0 x 65.0 ft./ 15.9 x 19.8 m.,2011/10/26,N
,USA,Omaha,NE,AMC Westroads 14 & IMAX,IMAX,IMAX,D,3D,Flat,,34.1 x 62.1 ft./ 10.4 x 18.9 m.,2013/12/20,CM
,USA,Omaha,NE,Henry Doorly Zoo,CHRIS,CHRIS,DL,3D,Flat,358.0,41.0 x 75.0 ft./ 12.5 x 23.0 m.,1997/03/27,N
,USA,Atlantic City,NJ,Tropicana Casino And Resort,IMAX,IMAX,D,3D,Flat,287.0,55.0 x 75.0 ft./ 16.0 x 21.3 m.,2004/11/23,C
,USA,Cherry Hill,NJ,AMC Cherry Hill 24 & IMAX,IMAX,IMAX,DL,3D,Flat,480.0,28.0 x 54.0 ft./ 8.5 x 16.5 m.,2008/08/15,CM
,USA,Clifton,NJ,AMC Clifton Commons 16 & IMAX,IMAX,IMAX,D,3D,Flat,225.0,24.0 x 45.0 ft./ 7.3 x 13.7 m.,2011/08/26,CM
,USA,Eatontown,NJ,AMC Monmouth Mall 15 & IMAX,IMAX,IMAX,D,3D,Flat,230.0,29.5 x 52.7 ft./ 9.0 x 16.1 m.,2010/07/31,CM
,USA,Elizabeth,NJ,AMC Jersey Gardens 20 & IMAX,IMAX,IMAX,D,3D,Flat,585.0,31.4 x 58.9 ft./ 9.6 x 18.0 m.,2009/11/06,CM
,USA,Jersey City,NJ,Liberty Science Center,ES,ES,D,2D,Dome,392.0,88.6 ft./ 27.0 m.,1993/01/24,N
,USA,Linden,NJ,AMC Aviation 12 & IMAX,IMAX,IMAX,D,3D,Flat,209.0,28.3 x 51.4 ft./ 8.6 x 15.7 m.,2014/12/16,CM
,USA,New Brunswick,NJ,AMC New Brunswick 18 & IMAX,IMAX,IMAX,DL,3D,Flat,416.0,31.8 x 58.3 ft./ 9.7 x 17.8 m.,2009/09/11,CM
,USA,Northfield,NJ,Tilton Square Theatre,IMAX,IMAX,D,3D,Flat,192.0,,2020,CM
,USA,Paramus,NJ,AMC Garden State 16 & IMAX,IMAX,IMAX,DL,3D,Flat,324.0,37.5 x 63.5 ft./ 11.4 x 19.4 m.,2009/11/20,CM
,USA,Rockaway,NJ,AMC Rockaway 16 & IMAX,IMAX,IMAX,DL,3D,Flat,291.0,30.2 x 54.1 ft./ 9.2 x 16.5 m.,2009/11/25,CM
,USA,Alamogordo,NM,New Mexico Museum of Space History,SPITZ,SPITZ,DL,2D,Dome,92.0,40.0 ft./ 12.2 m.,1980/12/21,N
,USA,Albuquerque,NM,AMC Albuquerque 12 & IMAX,IMAX,IMAX,D,3D,Flat,,39.2 x 70.0 ft./ 12.0 x 21.3 m.,2015/12/17,CM
,USA,Albuquerque,NM,New Mexico Museum of Natural History and Science,BARCO,BARCO,D,3D,Flat,270.0,32.0 x 60.0 ft./ 9.8 x 18.3 m.,1999/10/02,N
,USA,Albuquerque,NM,Regal Winrock Stadium 16 & IMAX,IMAX,IMAX,D,3D,Flat,,40.4 x 68.8 ft./ 12.3 x 21.0 m.,2013/11/15,CM
,USA,Henderson,NV,Regal Sunset Station 13 & IMAX,IMAX,IMAX,D,3D,Flat,291.0,24.0 x 48.0 ft./ 7.3 x 14.6 m.,2008/12/19,CM
,USA,Las Vegas,NV,AMC Town Square 18 & IMAX,IMAX,IMAX,D,3D,Flat,,36.9 x 66.0 ft./ 11.3 x 20.1 m.,2016/04/15,CM
,USA,Las Vegas,NV,Brenden Theatres & IMAX at the Palms,IMAX,IMAX,1570+D,3D,Flat,183.0,41.0 x 56.0 ft./ 12.5 x 17.1 m.,2003/08/15,CM
,USA,Las Vegas,NV,Regal Red Rock Stadium 16 & IMAX,IMAX,IMAX,D,3D,Flat,350.0,35.0 x 57.5 ft./ 10.7 x 17.5 m.,2007/12/14,CM
,USA,North Las Vegas,NV,Regal Aliante Stadium 16 & IMAX,IMAX,IMAX,D,3D,Flat,291.0,33.0 x 51.0 ft./ 10.1 x 15.5 m.,2008/11/14,CM
,USA,Sparks,NV,Galaxy Theatres Legends IMAX,IMAX,IMAX,D,3D,Flat,,40.0 x 75.0 ft./ 12.2 x 22.9 m.,2014/02/14,CM
,USA,Albany,NY,Regal Crossgates Stadium 18 & IMAX,IMAX,IMAX,D,3D,Flat,295.0,27.0 x 51.0 ft./ 8.2 x 15.5 m.,2008/11/07,CM
,USA,Brooklyn,NY,UA Sheepshead Bay Stadium 14 & IMAX,IMAX,IMAX,D,3D,Flat,137.0,27.0 x 47.0 ft./ 8.2 x 14.3 m.,2008/10/24,CM
,USA,Deer Park,NY,Regal Deer Park 16 & IMAX,IMAX,IMAX,DL,3D,Flat,339.0,31.0 x 50.0 ft./ 9.5 x 15.2 m.,2008/10/24,CM
,USA,Farmingdale,NY,UA Farmingdale Stadium 10 & IMAX,IMAX,IMAX,D,3D,Flat,270.0,29.5 x 52.5 ft./ 9.0 x 16.0 m.,2015/12/17,CM
,USA,Fresh Meadows,NY,AMC Fresh Meadows 7 & IMAX,IMAX,IMAX,D,3D,Flat,122.0,,2018/04,CM
,USA,Garden City,NY,Cradle of Aviation Museum,IMAX,IMAX,1570+D,2D,Dome,300.0,76.0 ft./ 24.0 m.,2002/05/20,N
,USA,New Rochelle,NY,Regal New Roc Stadium 18 & IMAX,IMAX,IMAX,1570+DL,3D,Flat,232.0,59.5 x 81.5 ft./ 18.1 x 24.8 m.,1999/09/24,CM
,USA,New York,NY,AMC 34th Street 14 & IMAX,IMAX,IMAX,DL,3D,Flat,212.0,30.2 x 54.1 ft./ 9.2 x 16.5 m.,2009/06/19,CM
,USA,New York,NY,AMC Empire 25 & IMAX,IMAX,IMAX,DL,3D,Flat,285.0,28.0 x 58.0 ft./ 8.5 x 17.7 m.,2008/09/05,CM
,USA,New York,NY,AMC Kips Bay 15 & IMAX,IMAX,IMAX,DL,3D,Flat,330.0,27.5 x 59.9 ft./ 8.4 x 18.3 m.,2010/03/05,CM
,USA,New York,NY,AMC Lincoln Square 13 & IMAX,IMAX,IMAX,1570+DL2,3D,Flat,472.0,75.6 x 101.0 ft./ 23.0 x 29.8 m.,1994/11/18,CM
,USA,New York,NY,American Museum of Natural History,IMAX,IMAX,1570+D,3D,Flat,598.0,40.0 x 60.0 ft./ 12.2 x 20.1 m.,1982/02/09,N
,USA,Niagara Falls,NY,Niagara Falls Adventure Theater,BARCO,BARCO,D,2D,Flat,314.0,25.0 x 45.0 ft./ 7.6 x 13.7 m.,2007/05,C
,USA,Port Chester,NY,AMC Port Chester 14 & IMAX,IMAX,IMAX,D,3D,Flat,312.0,30.2 x 56.1 ft./ 9.2 x 17.1 m.,2010/09/24,CM
,USA,Rochester,NY,Cinemark Tinseltown USA & IMAX,IMAX,IMAX,1570+D,3D,Flat,253.0,52.9 x 70.0 ft./ 16.1 x 21.3 m.,1999/11/04,CM
,USA,Rochester,NY,Rochester Museum and Science Center,ES,ES,D,2D,Dome,130.0,65.0 ft./ 19.8 m.,1995/01/26,N
,USA,Staten Island,NY,AMC Staten Island 11 & IMAX,IMAX,IMAX,D,3D,Flat,273.0,30.9 x 55.2 ft./ 9.4 x 16.8 m.,2018,CM
,USA,Stony Brook,NY,AMC Stony Brook 17 & IMAX,IMAX,IMAX,D,3D,Flat,392.0,28.0 x 52.0 ft./ 8.5 x 15.9 m.,2009/02/27,CM
,USA,Syracuse,NY,Museum of Science and Technology,IMAX,IMAX,1570,2D,Dome,214.0,65.5 ft./ 20.0 m.,1997/01/26,N
,USA,Syracuse,NY,Regal Destiny USA Stadium 19 & IMAX,IMAX,IMAX,D,3D,Flat,,40.0 x 72.0 ft./ 11.6 x 21.3 m.,2013/06/14,CM
,USA,West Nyack,NY,AMC Palisades Center 21 & IMAX,IMAX,IMAX,D,3D,Flat,267.0,32.7 x 59.7 ft./ 10.0 x 18.2 m.,2015/06/02,CM
,USA,Westbury,NY,UA Westbury Stadium 12 & IMAX,IMAX,IMAX,D,3D,Flat,267.0,30.5 x 53.0 ft./ 9.3 x 16.2 m.,2011/03/22,CM
,USA,White Plains,NY,City Center 15: Cinema De Lux & IMAX,IMAX,IMAX,D,3D,Flat,339.0,27.5 x 59.5 ft./ 8.4 x 18.1 m.,2004/11/10,CM
,USA,Williamsville,NY,Regal Transit Center Stadium 18 & IMAX,IMAX,IMAX,D,3D,Flat,260.0,52.9 x 72.0 ft./ 16.1 x 22.0 m.,1999/12/17,CM
,USA,Beavercreek,OH,The Greene 14 & IMAX,IMAX,IMAX,D,3D,Flat,303.0,31.7 x 56.8 ft./ 9.7 x 17.3 m.,2010/11/19,CM
,USA,Cincinnati,OH,Cincinnati Museum Center,IMAX,IMAX,DL,2D,Dome,269.0,72.0 ft./ 22.0 m.,1990/11/10,N
,USA,Cincinnati,OH,Springdale 18: Cinema de Lux & IMAX,IMAX,IMAX,D,3D,Flat,353.0,27.8 x 53.5 ft./ 8.5 x 16.3 m.,2004/11/10,CM
,USA,Cleveland,OH,Great Lakes Science Center,D3D,D3D,DL3,3D,Dome,320.0,79.0 ft./ 23.8 m.,1996/06/27,N
,USA,Columbus,OH,AMC Easton Town Center 30 & IMAX,IMAX,IMAX,D,3D,Flat,277.0,32.0 x 50.0 ft./ 9.8 x 15.2 m.,2005/08/26,CM
,USA,Columbus,OH,COSI Columbus,CHRIS,CHRIS,D,3D,Flat,391.0,52.0 x 75.5 ft./ 15.9 x 23.0 m.,1999/11/06,N
,USA,Columbus,OH,Lennox Town Center & IMAX,IMAX,IMAX,DL,3D,Flat,422.0,30.1 x 57.9 ft./ 9.2 x 17.7 m.,2009/10/02,CM
,USA,Dayton,OH,National Museum of the U.S. Air Force,BARCO,BARCO,D,3D,Flat,400.0,60.0 x 80.0 ft./ 18.6 x 24.4 m.,1991/05/05,N
,USA,Grove City,OH,AMC Grove City 14 & IMAX,IMAX,IMAX,D,3D,Flat,,34.2 x 62.4 ft./ 10.4 x 19.0 m.,2013/09/27,CM
,USA,Toledo,OH,Imagination Station,BARCO,BARCO,DL2,3D,Flat,280.0,32.0 x 58.0 ft./ 9.8 x 17.7 m.,2020/06,N
,USA,West Chester,OH,AMC West Chester 19 & IMAX,IMAX,IMAX,D,3D,Flat,,34.1 x 62.0 ft./ 10.4 x 18.9 m.,2013/12/23,CM
,USA,Westlake,OH,Regal Crocker Park Stadium 16 & IMAX,IMAX,IMAX,D,3D,Flat,288.0,29.5 x 46.6 ft./ 9.0 x 14.2 m.,2010/07/16,CM
,USA,Lawton,OK,AMC Patriot 13 & IMAX,IMAX,IMAX,D,3D,Flat,,39.9 x 70.5 ft./ 12.2 x 21.5 m.,2015/11/05,CM
,USA,Moore,OK,Regal Warren Moore & IMAX,IMAX,IMAX,D,3D,Flat,601.0,60.0 x 80.0 ft./ 18.3 x 24.4 m.,2012/02/24,CM
,USA,Oklahoma City,OK,AMC Quail Springs Mall 24 & IMAX,IMAX,IMAX,D,3D,Flat,450.0,32.8 x 59.1 ft./ 10.0 x 18.0 m.,2009/11/20,CM
,USA,Tulsa,OK,AMC Southroads 20 & IMAX,IMAX,IMAX,D,3D,Flat,405.0,32.6 x 58.5 ft./ 9.9 x 17.8 m.,2010/12/17,CM
,USA,Tulsa,OK,Cinemark Tulsa & IMAX,IMAX,IMAX,D,3D,Flat,260.0,52.9 x 71.5 ft./ 16.1 x 21.8 m.,2000/03/10,CM
,USA,Bend,OR,Regal Old Mill Stadium 16 & IMAX,IMAX,IMAX,D,3D,Flat,290.0,25.7 x 47.9 ft./ 7.8 x 14.6 m.,2011/10/07,CM
,USA,Eugene,OR,Regal Valley River Center 15 & IMAX,IMAX,IMAX,D,3D,Flat,400.0,39.0 x 60.0 ft./ 11.9 x 18.3 m.,2011/02/23,CM
,USA,McMinnville,OR,Evergreen Aviation Museum,BARCO,BARCO,D,3D,Flat,234.0,53.0 x 70.0 ft./ 16.2 x 21.3 m.,2007/04/30,N
,USA,Portland,OR,Empirical Theatre,CHRIS,CHRIS,D,3D,Flat,300.0,40.0 x 62.0 ft./ 12.2 x 18.9 m.,2013/11/09,N
,USA,Portland,OR,Regal Lloyd Center 10 & IMAX,IMAX,IMAX,D,3D,Flat,414.0,32.1 x 57.0 ft./ 9.8 x 17.4 m.,2011/12/15,CM
,USA,Tigard,OR,Regal Bridgeport Village Stadium 18 & IMAX,IMAX,IMAX,D,3D,Flat,318.0,30.6 x 54.5 ft./ 9.3 x 16.6 m.,2007/05/04,CM
,USA,Bensalem,PA,AMC Neshaminy 24 & IMAX,IMAX,IMAX,D,3D,Flat,510.0,32.0 x 60.0 ft./ 9.8 x 18.3 m.,2008/08/15,CM
,USA,Center Valley,PA,AMC Center Valley 16 & IMAX,IMAX,IMAX,D,3D,Flat,324.0,34.6 x 61.8 ft./ 10.5 x 18.9 m.,2011/04/29,CM
,USA,Dickson City,PA,Regal Dickson City Stadium 14 & IMAX,IMAX,IMAX,D,3D,Flat,400.0,42.0 x 70.0 ft./ 12.8 x 21.3 m.,2010/11/05,CM
,USA,Downingtown,PA,Regal Downingtown Cinema Stadium 16 & IMAX,IMAX,IMAX,D,3D,Flat,,28.9 x 50.7 ft./ 8.8 x 15.5 m.,2014/04/11,CM
,USA,Erie,PA,Tom Ridge Environmental Center,CHRIS,CHRIS,870+D,2D,Flat,175.0,33.0 x 45.0 ft./ 10.1 x 13.7 m.,2006/05/26,N
,USA,Harrisburg,PA,Whitaker Center for Science and the Arts,NEC,NEC,D,3D,Flat,209.0,38.0 x 70.0 ft./ 11.6 x 21.3 m.,1999/09/09,N
,USA,Homestead,PA,AMC Waterfront 22 & IMAX,IMAX,IMAX,D,3D,Flat,345.0,27.9 x 50.2 ft./ 8.5 x 15.3 m.,2009/01/23,CM
,USA,King of Prussia,PA,UA King Of Prussia Stadium 16 & IMAX,IMAX,IMAX,1570+DL,3D,Flat,340.0,51.0 x 71.0 ft./ 15.9 x 22.3 m.,2000/05/19,CM
,USA,Lititz,PA,Penn Cinema & IMAX,IMAX,IMAX,D,3D,Flat,420.0,40.0 x 70.0 ft./ 12.2 x 21.3 m.,2010/11/19,CM
,USA,Philadelphia,PA,AMC Philadelphia Mills 14 & IMAX,IMAX,IMAX,D,3D,Flat,336.0,26.6 x 50.7 ft./ 8.1 x 15.5 m.,2010/12/17,CM
,USA,Philadelphia,PA,Franklin Institute Science Museum,IMAX,IMAX,1570,2D,Dome,350.0,70.0 ft./ 24.1 m.,1990/04/05,N
,USA,Pittsburgh,PA,Carnegie Science Center,CHRIS,CHRIS,DL2,3D,Flat,271.0,38.0 x 70.0 ft./ 11.6 x 21.3 m.,2017/11/17,N
,USA,Reading,PA,RC Reading Movies 11 & IMAX,IMAX,IMAX,D,3D,Flat,340.0,42.0 x 70.0 ft./ 12.8 x 21.3 m.,2009/02/13,CM
,USA,Warrington,PA,Regal Warrington Crossing Stadium 22 & IMAX,IMAX,IMAX,D,3D,Flat,322.0,27.0 x 51.8 ft./ 8.2 x 15.8 m.,2011/10/28,CM
,USA,York,PA,RC Queensgate Stadium 13 & IMAX,IMAX,IMAX,D,3D,Flat,210.0,29.8 x 54.8 ft./ 9.1 x 16.7 m.,2013/02/13,CM
,USA,Carolina,PR,Plaza Carolina Cinema & IMAX,IMAX,IMAX,D,3D,Flat,,,2018/11/08,CM
,USA,San Juan,PR,Montehiedra Cinemas & IMAX,IMAX,IMAX,D,3D,Flat,,46.1 x 80.0 ft./ 14.1 x 24.4 m.,2016/06/09,CM
,USA,Providence,RI,Providence Place Cinemas 16 & IMAX,IMAX,IMAX,1570+D,3D,Flat,424.0,61.0 x 81.0 ft./ 18.6 x 24.7 m.,2000/06/23,CM
,USA,Columbia,SC,Regal Sandhill Stadium 16 & IMAX,IMAX,IMAX,D,3D,Flat,,30.9 x 53.2 ft./ 9.4 x 16.2 m.,2013/04/18,CM
,USA,Simpsonville,SC,Regal Simpsonville Stadium 14 & IMAX,IMAX,IMAX,D,3D,Flat,399.0,40.0 x 70.0 ft./ 12.2 x 21.3 m.,2010/04/26,CM
,USA,Sioux Falls,SD,Washington Pavilion of Arts and Sciences,BARCO,BARCO,D,2D,Dome,172.0,60.0 ft./ 18.3 m.,1999/06,N
,USA,Chattanooga,TN,AMC Chattanooga 18 & IMAX,IMAX,IMAX,D,3D,Flat,347.0,32.8 x 61.4 ft./ 10.0 x 18.7 m.,2010/11/19,CM
,USA,Chattanooga,TN,Tennessee Aquarium,IMAX,IMAX,DL2,3D,Flat,291.0,69.0 x 87.2 ft./ 21.0 x 26.6 m.,1996/05/03,N
,USA,Franklin,TN,AMC Thoroughbred 20 & IMAX,IMAX,IMAX,D,3D,Flat,,38.1 x 69.3 ft./ 11.6 x 21.1 m.,2014/02/14,CM
,USA,Hendersonville,TN,Regal Streets of Indian Lake Stadium 16 & IMAX,IMAX,IMAX,D,3D,Flat,318.0,27.8 x 50.3 ft./ 8.5 x 15.3 m.,2011/06/09,CM
,USA,Knoxville,TN,Regal Pinnacle Stadium 18 & IMAX,IMAX,IMAX,D,3D,Flat,443.0,36.7 x 61.0 ft./ 11.2 x 18.6 m.,2007/12/14,CM
,USA,Memphis,TN,Malco Paradiso Cinema Grill,IMAX,IMAX,D,3D,Flat,,36.2 x 65.7 ft./ 11.0 x 20.0 m.,2003/02,CM
,USA,Memphis,TN,"Memphis Museums, Inc.",BARCO,BARCO,D,3D,Flat,240.0,40.0 x 50.9 ft./ 12.2 x 15.5 m.,1995/01/21,N
,USA,Nashville,TN,Regal Opry Mills Stadium 20 & IMAX,IMAX,IMAX,1570+DL,3D,Flat,496.0,65.6 x 90.0 ft./ 20.0 x 27.4 m.,2000/05/11,CM
,USA,Amarillo,TX,UA Amarillo Star Stadium 14 & IMAX,IMAX,IMAX,D,3D,Flat,375.0,30.5 x 52.2 ft./ 9.3 x 15.9 m.,2011/02/18,CM
,USA,Arlington,TX,AMC The Parks At Arlington 18 & IMAX,IMAX,IMAX,D,3D,Flat,285.0,25.9 x 46.9 ft./ 7.9 x 14.3 m.,2010/08/14,CM
,USA,Austin,TX,AMC Barton Creek Square 14 & IMAX,IMAX,IMAX,D,3D,Flat,245.0,25.0 x 45.0 ft./ 7.6 x 13.7 m.,2011/08/26,CM
,USA,Austin,TX,Bullock Texas State History Museum,IMAX,IMAX,DL2,3D,Flat,329.0,62.3 x 82.4 ft./ 19.0 x 25.1 m.,2001/04/21,N
,USA,Austin,TX,Regal Gateway Stadium 16 & IMAX,IMAX,IMAX,D,3D,Flat,255.0,29.5 x 50.0 ft./ 9.0 x 15.2 m.,2011/12/15,CM
,USA,Bryan,TX,Premiere Cinema Bryan + IMAX,IMAX,IMAX,D,3D,Flat,,40.0 x 70.0 ft./ 12.2 x 21.3 m.,2013/08/23,CM
,USA,Corpus Christi,TX,Cinemark Century 16 & IMAX,IMAX,IMAX,D,3D,Flat,293.0,30.8 x 54.9 ft./ 9.4 x 16.7 m.,2011/04/22,CM
,USA,Corpus Christi,TX,USS Lexington Museum,BARCO,BARCO,DL2,3D,Flat,193.0,30.0 x 40.0 ft./ 9.1 x 12.2 m.,2001/03/09,N
,USA,Dallas,TX,AMC Northpark 15 & IMAX,IMAX,IMAX,DL,3D,Flat,410.0,36.3 x 65.6 ft./ 11.1 x 20.0 m.,2010/11/12,CM
,USA,Dallas,TX,Cinemark 17 & IMAX,IMAX,IMAX,1570+D,3D,Flat,257.0,52.9 x 70.7 ft./ 16.1 x 21.6 m.,1999/09/03,CM
,USA,Dallas,TX,Perot Museum of Nature and Science,BARCO,BARCO,D,3D,Flat,298.0,19.0 x 35.0 ft./ 5.8 x 10.7 m.,2012/12,N
,USA,Edinburg,TX,AMC 20 & IMAX,IMAX,IMAX,D,3D,Flat,,,2017/01/31,CM
,USA,El Paso,TX,Premiere Cinema El Paso Bassett + IMAX,IMAX,IMAX,D,3D,Flat,,50.0 x 70.0 ft./ 15.2 x 21.3 m.,2013/11/21,CM
,USA,Fort Worth,TX,Fort Worth Museum of Science and History,IMAX,IMAX,1570,2D,Dome,390.0,80.0 ft./ 24.4 m.,1983/04/17,N
,USA,Frisco,TX,AMC Stonebriar 24 & IMAX,IMAX,IMAX,D,3D,Flat,338.0,28.9 x 52.2 ft./ 8.8 x 15.9 m.,2009/09/04,CM
,USA,Galveston,TX,Moody Gardens,CHRIS,CHRIS,DL2,3D,Flat,400.0,60.0 x 79.2 ft./ 18.3 x 24.1 m.,1993/03/27,N
,USA,Garland,TX,AMC Firewheel 18 & IMAX,IMAX,IMAX,D,3D,Flat,271.0,28.9 x 51.5 ft./ 8.8 x 15.7 m.,2009/06/12,CM
,USA,Grapevine,TX,AMC Grapevine Mills 30 & IMAX,IMAX,IMAX,D,3D,Flat,,32.5 x 60.0 ft./ 9.9 x 18.3 m.,2014/11/26,CM
,USA,Highland Village,TX,AMC Highland Village 12 & IMAX,IMAX,IMAX,D,3D,Flat,299.0,29.2 x 52.2 ft./ 8.9 x 15.9 m.,2011/10/07,CM
,USA,Houston,TX,AMC Gulf Pointe 30 & IMAX,IMAX,IMAX,D,3D,Flat,464.0,35.0 x 60.8 ft./ 10.7 x 18.5 m.,2008/10/10,CM
,USA,Houston,TX,AMC Willowbrook 24 & IMAX,IMAX,IMAX,D,3D,Flat,151.0,31.2 x 56.0 ft./ 9.5 x 17.1 m.,2017/07/27,CM
,USA,Houston,TX,Edwards Houston Marq*e 23 & IMAX,IMAX,IMAX,DL,3D,Flat,409.0,57.0 x 75.0 ft./ 17.4 x 22.9 m.,1999,CM
,USA,Houston,TX,Houston Museum of Natural Science,BARCO,BARCO,D,3D,Flat,395.0,59.0 x 80.0 ft./ 18.0 x 24.4 m.,1989/09/15,N
,USA,Houston,TX,Space Center Houston,BARCO,BARCO,D,2D,Flat,420.0,66.0 x 88.0 ft./ 20.1 x 26.8 m.,1992,N
,USA,Humble,TX,AMC Deerbrook 24 & IMAX,IMAX,IMAX,D,3D,Flat,140.0,28.0 x 50.2 ft./ 8.5 x 15.3 m.,2018/04/27,CM
,USA,Killeen,TX,Central Texas College,SCISS,SCISS,D,2D,Dome,180.0,60.0 ft./ 18.3 m.,2003/08/22,N
,USA,Lubbock,TX,Premiere Cinema Lubbock + IMAX,IMAX,IMAX,D,3D,Flat,383.0,39.3 x 70.0 ft./ 12.0 x 21.3 m.,2012/10/25,CM
,USA,Lubbock,TX,Science Spectrum,CDC,CDC,1570,2D,Dome,176.0,58.0 ft./ 18.1 m.,1993/10/23,N
,USA,Mesquite,TX,AMC Mesquite 30 & IMAX,IMAX,IMAX,D,3D,Flat,441.0,34.1 x 62.7 ft./ 10.4 x 19.1 m.,2009/03/06,CM
,USA,Midland,TX,Regal Tall City Stadium 14 & IMAX,IMAX,IMAX,D,3D,Flat,,29.5 x 48.3 ft./ 9.0 x 14.7 m.,2013/11/21,CM
,USA,Odessa,TX,Regal Permian Palace Stadium 11 & IMAX,IMAX,IMAX,D,3D,Flat,,30.8 x 47.8 ft./ 9.4 x 14.6 m.,2015/12/17,CM
,USA,Richmond,TX,Regal Grand Parkway 22 & IMAX,IMAX,IMAX,DL,3D,Flat,368.0,,2019,CM
,USA,San Antonio,TX,AMC Rivercenter 11 & IMAX,IMAX,IMAX,1570+D,3D,Flat,320.0,52.9 x 70.0 ft./ 16.1 x 21.3 m.,2001/05,CM
,USA,San Antonio,TX,AMC Rivercenter 11 & IMAX,IMAX,IMAX,D,3D,Flat,426.0,62.0 x 85.0 ft./ 18.9 x 25.9 m.,1988/03/06,CM
,USA,San Antonio,TX,Santikos Palladium IMAX,IMAX,IMAX,D,3D,Flat,393.0,44.0 x 70.0 ft./ 13.4 x 21.3 m.,2006/12/22,CM
,USA,Shenandoah,TX,AMC Metropark Square 10,IMAX,IMAX,DL,3D,Flat,170.0,32.8 x 52.5 ft./ 10.0 x 16.0 m.,2019/04,CM
,USA,Stafford,TX,AMC Fountains 18 & IMAX,IMAX,IMAX,D,3D,Flat,243.0,29.8 x 54.0 ft./ 9.1 x 16.5 m.,2017/08/07,CM
,USA,Sugar Land,TX,AMC First Colony 24 & IMAX,IMAX,IMAX,D,3D,Flat,420.0,34.0 x 56.5 ft./ 10.4 x 17.2 m.,2008/10/03,CM
,USA,Temple,TX,Premiere Cinema Temple + IMAX,IMAX,IMAX,D,3D,Flat,,39.6 x 70.0 ft./ 12.1 x 21.3 m.,2014/07/23,CM
,USA,Tomball,TX,Regal Lone Star 19 & IMAX,IMAX,IMAX,1570+D,3D,Flat,411.0,45.0 x 71.0 ft./ 13.7 x 21.6 m.,2008/02/29,CM
,USA,Tyler,TX,AMC Tyler 14 & IMAX,IMAX,IMAX,D,3D,Flat,,28.5 x 53.1 ft./ 8.7 x 16.2 m.,2013/12/14,CM
,USA,Waco,TX,AMC Galaxy 16 & IMAX,IMAX,IMAX,D,3D,Flat,,31.5 x 56.8 ft./ 9.6 x 17.3 m.,2017/05/27,CM
,USA,Centerville,UT,Megaplex 14 & IMAX at Legacy Crossing,IMAX,IMAX,D,3D,Flat,603.0,41.8 x 76.0 ft./ 12.8 x 23.2 m.,2011/10/14,CM
,USA,Lehi,UT,North American Museum of Ancient Life,CHRIS,CHRIS,D,3D,Flat,325.0,46.0 x 66.0 ft./ 14.0 x 20.1 m.,2009/09/30,N
,USA,Salt Lake City,UT,Clark Planetarium,IMAX,IMAX,D,3D,Flat,292.0,55.0 x 69.8 ft./ 16.0 x 21.3 m.,2003/04/11,N
,USA,Sandy,UT,"Megaplex 17 & IMAX, Jordan Commons",IMAX,IMAX,D,3D,Flat,446.0,56.3 x 80.8 ft./ 17.2 x 24.6 m.,2010/05/07,CM
,USA,South Jordan,UT,Megaplex 20 & IMAX at The District,IMAX,IMAX,D,3D,Flat,514.0,38.0 x 68.7 ft./ 11.6 x 21.0 m.,2010/09/24,CM
,USA,Vineyard,UT,Megaplex Theatres @ Geneva & IMAX,IMAX,IMAX,D,3D,Flat,,45.1 x 80.0 ft./ 13.8 x 24.4 m.,2015/03/13,CM
,USA,West Valley City,UT,Megaplex Theatres & IMAX at Valley Fair Mall,IMAX,IMAX,D,3D,Flat,639.0,42.5 x 76.2 ft./ 13.0 x 23.2 m.,2012/11/08,CM
,USA,Alexandria,VA,AMC Hoffman Center 22 & IMAX,IMAX,IMAX,D,3D,Flat,330.0,28.0 x 51.0 ft./ 8.5 x 15.5 m.,2008/07/18,CM
,USA,Ashburn,VA,Regal Fox Stadium 16 & IMAX,IMAX,IMAX,D,3D,Flat,314.0,31.0 x 55.0 ft./ 9.5 x 16.8 m.,2011/11/18,CM
,USA,Chantilly,VA,Steven F. Udvar-Hazy Center,IMAX,IMAX,DL2,3D,Flat,478.0,62.3 x 85.5 ft./ 19.0 x 26.1 m.,2003/12/15,N
,USA,Charlottesville,VA,Regal Stonefield Stadium 14 & IMAX,IMAX,IMAX,D,3D,Flat,293.0,29.3 x 51.9 ft./ 8.9 x 15.8 m.,2012/11/08,CM
,USA,Fredericksburg,VA,Regal Fredericksburg 14 & IMAX,IMAX,IMAX,D,3D,Flat,,28.4 x 48.8 ft./ 8.7 x 14.9 m.,2018/03/18,CM
,USA,Hampton,VA,AMC Hampton Towne Center 24 & IMAX,IMAX,IMAX,D,3D,Flat,420.0,32.8 x 59.1 ft./ 10.0 x 18.0 m.,2009/10/02,CM
,USA,Hampton,VA,Virginia Air and Space Science Center,IMAX,IMAX,D,3D,Flat,285.0,50.0 x 70.0 ft./ 16.8 x 21.3 m.,1992/04/04,N
,USA,Manassas,VA,Regal Manassas Stadium 14 & IMAX,IMAX,IMAX,D,3D,Flat,404.0,30.1 x 51.7 ft./ 9.2 x 15.8 m.,2011/03/25,CM
,USA,McLean,VA,AMC Tysons Corner 16 & IMAX,IMAX,IMAX,DL,3D,Flat,510.0,40.0 x 65.0 ft./ 12.2 x 19.8 m.,2010/03/05,CM
,USA,Midlothian,VA,Regal Commonwealth 20 & IMAX,IMAX,IMAX,D,3D,Flat,299.0,26.6 x 49.2 ft./ 8.1 x 15.0 m.,2009/02/06,CM
,USA,Richmond,VA,Regal Short Pump Stadium 14 & IMAX,IMAX,IMAX,D,3D,Flat,,29.1 x 50.9 ft./ 8.9 x 15.5 m.,2013/05/02,CM
,USA,Richmond,VA,Science Museum of Virginia,ES,ES,D,3D,Dome,250.0,76.0 ft./ 23.2 m.,1983/04/23,N
,USA,Triangle,VA,National Museum of the Marine Corps,CHRIS,CHRIS,DL2,2D,Flat,369.0,54.0 x 72.0 ft./ 16.5 x 22.0 m.,2017/07/23,N
,USA,Virginia Beach,VA,AMC Lynnhaven 18 & IMAX,IMAX,IMAX,D,3D,Flat,294.0,29.9 x 51.8 ft./ 9.1 x 15.8 m.,2008/11/07,CM
,USA,Virginia Beach,VA,Virginia Aquarium and Marine Science Center,BARCO,BARCO,D,3D,Flat,267.0,50.0 x 80.0 ft./ 18.0 x 25.0 m.,1996/07/08,N
,USA,Woodbridge,VA,AMC Potomac Mills 18 & IMAX,IMAX,IMAX,D,3D,Flat,269.0,29.5 x 52.5 ft./ 9.0 x 16.0 m.,2008/07/18,CM
,USA,Bellevue,WA,IMAX Lincoln Square Cinemas,IMAX,IMAX,D,3D,Flat,438.0,36.7 x 65.3 ft./ 11.2 x 19.9 m.,2009/03/27,CM
,USA,Bellingham,WA,Regal Barkley Village Stadium 16 & IMAX,IMAX,IMAX,D,3D,Flat,356.0,33.6 x 55.1 ft./ 10.2 x 16.8 m.,2012/12/14,CM
,USA,Gig Harbor,WA,Galaxy Uptown Luxury+ & IMAX,IMAX,IMAX,D,3D,Flat,35.0,40.0 x 71.0 ft./ 12.2 x 21.6 m.,2017/03,CM
,USA,Issaquah,WA,Regal Issaquah Highlands 12 & IMAX,IMAX,IMAX,D,3D,Flat,,35.0 x 62.6 ft./ 10.7 x 19.1 m.,2013/07/02,CM
,USA,Kent,WA,AMC Kent Station 14 & IMAX,IMAX,IMAX,D,3D,Flat,272.0,28.9 x 51.5 ft./ 8.8 x 15.7 m.,2009/06/12,CM
,USA,Lacey,WA,Regal Martin Village Stadium 16 & IMAX,IMAX,IMAX,D,3D,Flat,387.0,35.4 x 56.8 ft./ 10.8 x 17.3 m.,2008/11/07,CM
,USA,Lynnwood,WA,AMC Alderwood Mall 16 & IMAX,IMAX,IMAX,DL,3D,Flat,371.0,35.0 x 63.0 ft./ 10.7 x 19.2 m.,2010/03/27,CM
,USA,Seattle,WA,Boeing IMAX Theatre,IMAX,IMAX,DL2,3D,Flat,370.0,59.4 x 80.0 ft./ 18.1 x 24.4 m.,1998/10/21,N
,USA,Seattle,WA,PACCAR IMAX Theatre,IMAX,IMAX,1570+D,3D,Flat,290.0,34.5 x 58.0 ft./ 10.5 x 17.7 m.,1979/07,N
,USA,Seattle,WA,Regal Thornton Place Stadium 14 & IMAX,IMAX,IMAX,D,3D,Flat,299.0,26.5 x 48.0 ft./ 8.1 x 14.6 m.,2009/05/22,CM
,USA,Spokane,WA,AMC River Park Square 20 & IMAX,IMAX,IMAX,D,3D,Flat,315.0,26.9 x 52.8 ft./ 8.2 x 16.1 m.,2009/11/26,CM
,USA,Tukwila,WA,AMC Southcenter 16 & IMAX,IMAX,IMAX,D,3D,Flat,271.0,28.7 x 51.8 ft./ 8.7 x 15.8 m.,2008/11/07,CM
,USA,Vancouver,WA,Regal Cascade Stadium 16 & IMAX,IMAX,IMAX,D,3D,Flat,,29.0 x 53.1 ft./ 8.8 x 16.2 m.,2013/05/02,CM
,USA,Fitchburg,WI,AMC Fitchburg 18 & IMAX,IMAX,IMAX,D,3D,Flat,349.0,44.0 x 70.0 ft./ 13.4 x 21.3 m.,2005/12/23,CM
,USA,Milwaukee,WI,Milwaukee Public Museum,ES,ES,D,3D,Dome,275.0,73.8 ft./ 22.5 m.,1996/10/05,N
,USA,Wauwatosa,WI,AMC Mayfair Mall 18 & IMAX,IMAX,IMAX,D,3D,Flat,340.0,26.2 x 49.5 ft./ 8.0 x 15.1 m.,2009/10/16,CM
,USA,Charleston,WV,Clay Center for the Arts and Sciences,ES,ES,D,3D,Dome,175.0,61.0 ft./ 18.6 m.,2003/07/12,N
,VIETNAM,Hanoi,,CGV Vincom Metropolis & IMAX,IMAX,IMAX,D,3D,Flat,,37.1 x 66.6 ft./ 11.3 x 20.3 m.,2018/12/24,CM
,VIETNAM,Ho Chi Minh,,CGV Vincom Landmark & IMAX,IMAX,IMAX,D,3D,Flat,,40.7 x 72.4 ft./ 12.4 x 22.1 m.,2018/08/08,CM
,VIETNAM,Ho Chi Minh City,,CGV SC VivoCity & IMAX,IMAX,IMAX,D,3D,Flat,,37.2 x 66.3 ft./ 11.3 x 20.2 m.,2015/04/19,CM
